Mb0626,Mb0626,unknown
Mb0617c,Mb0617c,unknown
Mb1387,Mb1387,unknown
Mb1401A,Mb1401A,unknown
Mb1599,Mb1599,unknown
Mb1607c,Mb1607c,unknown
Mb1616,Mb1616,unknown
Mb0705,Mb0705,unknown
Mb2279c,Mb2279c,unknown
Mb0967,Mb0967,unknown
Mb0989c,Mb0989c,unknown
Mb1401,Mb1401,unknown
Mb1454,Mb1454,unknown
Mb1993c,Mb1993c,unknown
Mb1527,Mb1527,unknown
Mb1572,Mb1572,unknown
Mb1594c,Mb1594c,unknown
Mb1605c,Mb1605c,unknown
Mb1696,Mb1696,unknown
Mb1753c,Mb1753c,unknown
Mb1989c,Mb1989c,unknown
Mb2101c,Mb2101c,unknown
Mb2452c,Mb2452c,unknown
Mb0076,Mb0076,unknown
Mb0004,Mb0004,unknown
Mb0079c,Mb0079c,unknown
Mb0023,Mb0023,unknown
Mb2996,Mb2996,unknown
Mb3099c,Mb3099c,unknown
Mb0143,Mb0143,unknown
Mb0007,Mb0007,unknown
Mb0096c,Mb0096c,unknown
Mb0010c,Mb0010c,unknown
Mb0011c,Mb0011c,unknown
Mb0012,Mb0012,unknown
Mb0035,Mb0035,unknown
Mb0321,Mb0321,unknown
Mb0091,Mb0091,unknown
Mb0058,Mb0058,unknown
Mb0462,Mb0462,unknown
Mb0021c,Mb0021c,unknown
Mb0040c,Mb0040c,unknown
Mb1923c,Mb1923c,unknown
Mb0024,Mb0024,unknown
Mb0025,Mb0025,unknown
Mb0026,Mb0026,unknown
Mb0027,Mb0027,unknown
Mb0028,Mb0028,unknown
Mb0037c,Mb0037c,unknown
Mb0038c,Mb0038c,unknown
Mb0039,Mb0039,unknown
Mb0043c,Mb0043c,unknown
Mb0209,Mb0209,unknown
Mb0044c,Mb0044c,unknown
Mb0045c,Mb0045c,unknown
Mb0463c,Mb0463c,unknown
Mb0046c,Mb0046c,unknown
Mb1191c,Mb1191c,unknown
Mb0307,Mb0307,unknown
Mb0048c,Mb0048c,unknown
Mb0052,Mb0052,unknown
Mb0053,Mb0053,unknown
Mb0060,Mb0060,unknown
Mb0061,Mb0061,unknown
Mb0062A,Mb0062A,unknown
Mb0265c,Mb0265c,unknown
Mb0064,Mb0064,unknown
Mb0065,Mb0065,unknown
Mb0068c,Mb0068c,unknown
Mb0069,Mb0069,unknown
Mb0084,Mb0084,unknown
Mb0097c,Mb0097c,unknown
Mb0072,Mb0072,unknown
Mb0073,Mb0073,unknown
Mb0146c,Mb0146c,unknown
Mb0074,Mb0074,unknown
Mb0075,Mb0075,unknown
Mb0080,Mb0080,unknown
Mb0081A,Mb0081A,unknown
Mb0082,Mb0082,unknown
Mb0083,Mb0083,unknown
Mb0085,Mb0085,unknown
Mb0086,Mb0086,unknown
Mb0140c,Mb0140c,unknown
Mb0092,Mb0092,unknown
Mb0098c,Mb0098c,unknown
Mb2060,Mb2060,unknown
Mb0100,Mb0100,unknown
Mb0107,Mb0107,unknown
Mb0103,Mb0103,unknown
Mb0105,Mb0105,unknown
Mb0109,Mb0109,unknown
Mb0623,Mb0623,unknown
Mb0966c,Mb0966c,unknown
Mb0112c,Mb0112c,unknown
Mb0322c,Mb0322c,unknown
Mb0147,Mb0147,unknown
Mb0114,Mb0114,unknown
Mb0115,Mb0115,unknown
Mb0138,Mb0138,unknown
Mb0216,Mb0216,unknown
Mb0126c,Mb0126c,unknown
Mb0127,Mb0127,unknown
Mb0144,Mb0144,unknown
Mb0145,Mb0145,unknown
Mb0148c,Mb0148c,unknown
Mb0215,Mb0215,unknown
Mb0149,Mb0149,unknown
Mb0152,Mb0152,unknown
Mb0153,Mb0153,unknown
Mb0279c,Mb0279c,unknown
Mb0154,Mb0154,unknown
Mb0155c,Mb0155c,unknown
Mb0162A,Mb0162A,unknown
Mb0163,Mb0163,unknown
Mb0166,Mb0166,unknown
Mb0168,Mb0168,unknown
Mb0181,Mb0181,unknown
Mb0187c,Mb0187c,unknown
Mb0232c,Mb0232c,unknown
Mb0194,Mb0194,unknown
Mb0182,Mb0182,unknown
Mb0210c,Mb0210c,unknown
Mb0183,Mb0183,unknown
Mb0184,Mb0184,unknown
Mb0439,Mb0439,unknown
Mb0199c,Mb0199c,unknown
Mb0189,Mb0189,unknown
Mb0190,Mb0190,unknown
Mb0191,Mb0191,unknown
Mb0193,Mb0193,unknown
Mb0197,Mb0197,unknown
Mb0198,Mb0198,unknown
Mb0200,Mb0200,unknown
Mb0201,Mb0201,unknown
Mb0202,Mb0202,unknown
Mb0504c,Mb0504c,unknown
Mb0203,Mb0203,unknown
Mb0205,Mb0205,unknown
Mb0206,Mb0206,unknown
Mb0211,Mb0211,unknown
Mb0213c,Mb0213c,unknown
Mb0214c,Mb0214c,unknown
Mb0543A,Mb0543A,unknown
Mb0323,Mb0323,unknown
Mb0219c,Mb0219c,unknown
Mb0222,Mb0222,unknown
Mb0224,Mb0224,unknown
Mb0227,Mb0227,unknown
Mb0228c,Mb0228c,unknown
Mb0229c,Mb0229c,unknown
Mb0230,Mb0230,unknown
Mb0274c,Mb0274c,unknown
Mb0231c,Mb0231c,unknown
Mb0244,Mb0244,unknown
Mb0233,Mb0233,unknown
Mb0234c,Mb0234c,unknown
Mb0319,Mb0319,unknown
Mb0237,Mb0237,unknown
Mb0240c,Mb0240c,unknown
Mb0280,Mb0280,unknown
Mb0324,Mb0324,unknown
Mb0251,Mb0251,unknown
Mb0252,Mb0252,unknown
Mb0253c,Mb0253c,unknown
Mb0281c,Mb0281c,unknown
Mb0254c,Mb0254c,unknown
Mb0255c,Mb0255c,unknown
Mb0270c,Mb0270c,unknown
Mb1703,Mb1703,unknown
Mb0266c,Mb0266c,unknown
Mb0814c,Mb0814c,unknown
Mb0269c,Mb0269c,unknown
Mb0271c,Mb0271c,unknown
Mb0275c,Mb0275c,unknown
Mb1333,Mb1333,unknown
Mb0278c,Mb0278c,unknown
Mb0356,Mb0356,unknown
Mb0289,Mb0289,unknown
Mb1925,Mb1925,unknown
Mb3931c,Mb3931c,unknown
Mb0301c,Mb0301c,unknown
Mb0303c,Mb0303c,unknown
Mb0326c,Mb0326c,unknown
Mb0396,Mb0396,unknown
Mb0304c,Mb0304c,unknown
Mb0306,Mb0306,unknown
Mb0310,Mb0310,unknown
Mb0311,Mb0311,unknown
Mb0314,Mb0314,unknown
Mb0315c,Mb0315c,unknown
Mb0316,Mb0316,unknown
Mb0317,Mb0317,unknown
Mb0318c,Mb0318c,unknown
Mb0320,Mb0320,unknown
Mb0328,Mb0328,unknown
Mb0331c,Mb0331c,unknown
Mb0332,Mb0332,unknown
Mb0333,Mb0333,unknown
Mb0353,Mb0353,unknown
Mb1846,Mb1846,unknown
Mb0335,Mb0335,unknown
Mb0336c,Mb0336c,unknown
Mb0338,Mb0338,unknown
Mb0339,Mb0339,unknown
Mb0340,Mb0340,unknown
Mb0343,Mb0343,unknown
Mb0345c,Mb0345c,unknown
Mb0346c,Mb0346c,unknown
Mb0347,Mb0347,unknown
Mb0355,Mb0355,unknown
Mb0363c,Mb0363c,unknown
Mb0371,Mb0371,unknown
Mb0934,Mb0934,unknown
Mb0365,Mb0365,unknown
Mb0366,Mb0366,unknown
Mb0367c,Mb0367c,unknown
Mb0368,Mb0368,unknown
Mb0626A,Mb0626A,unknown
Mb0372c,Mb0372c,unknown
Mb1112,Mb1112,unknown
Mb0373c,Mb0373c,unknown
Mb0375c,Mb0375c,unknown
Mb0376c,Mb0376c,unknown
Mb0377c,Mb0377c,unknown
Mb0403A,Mb0403A,unknown
Mb0378c,Mb0378c,unknown
Mb0379c,Mb0379c,unknown
Mb0407,Mb0407,unknown
Mb0380c,Mb0380c,unknown
Mb0381c,Mb0381c,unknown
Mb0387c,Mb0387c,unknown
Mb0382c,Mb0382c,unknown
Mb0383c,Mb0383c,unknown
Mb0384,Mb0384,unknown
Mb0385,Mb0385,unknown
Mb0438,Mb0438,unknown
Mb0390c,Mb0390c,unknown
Mb0392,Mb0392,unknown
Mb2061,Mb2061,unknown
Mb0399,Mb0399,unknown
Mb0400c,Mb0400c,unknown
Mb0401,Mb0401,unknown
Mb0402,Mb0402,unknown
Mb0403,Mb0403,unknown
Mb0420c,Mb0420c,unknown
Mb0414c,Mb0414c,unknown
Mb0441,Mb0441,unknown
Mb0428c,Mb0428c,unknown
Mb0429c,Mb0429c,unknown
Mb0539,Mb0539,unknown
Mb0432c,Mb0432c,unknown
Mb0434c,Mb0434c,unknown
Mb0436c,Mb0436c,unknown
Mb0544,Mb0544,unknown
Mb0451,Mb0451,unknown
Mb0442,Mb0442,unknown
Mb1148,Mb1148,unknown
Mb0443c,Mb0443c,unknown
Mb0447c,Mb0447c,unknown
Mb0449c,Mb0449c,unknown
Mb0454c,Mb0454c,unknown
Mb0557c,Mb0557c,unknown
Mb0456c,Mb0456c,unknown
Mb0472,Mb0472,unknown
Mb1149c,Mb1149c,unknown
Mb0457c,Mb0457c,unknown
Mb0460,Mb0460,unknown
Mb0466c,Mb0466c,unknown
Mb0467,Mb0467,unknown
Mb0468,Mb0468,unknown
Mb0469,Mb0469,unknown
Mb0470,Mb0470,unknown
Mb0474c,Mb0474c,unknown
Mb0475,Mb0475,unknown
Mb0482c,Mb0482c,unknown
Mb0483,Mb0483,unknown
Mb0484,Mb0484,unknown
Mb0486,Mb0486,unknown
Mb0543,Mb0543,unknown
Mb0489c,Mb0489c,unknown
Mb0509,Mb0509,unknown
Mb0490c,Mb0490c,unknown
Mb0494c,Mb0494c,unknown
Mb0587A,Mb0587A,unknown
Mb0495,Mb0495,unknown
Mb0510,Mb0510,unknown
Mb0497,Mb0497,unknown
Mb0498,Mb0498,unknown
Mb0512,Mb0512,unknown
Mb0502c,Mb0502c,unknown
Mb0505,Mb0505,unknown
Mb0532c,Mb0532c,unknown
Mb0506c,Mb0506c,unknown
Mb0507,Mb0507,unknown
Mb0508,Mb0508,unknown
Mb0514,Mb0514,unknown
Mb0516c,Mb0516c,unknown
Mb0533,Mb0533,unknown
Mb0520,Mb0520,unknown
Mb0534,Mb0534,unknown
Mb0526,Mb0526,unknown
Mb0528,Mb0528,unknown
Mb0529c,Mb0529c,unknown
Mb1259c,Mb1259c,unknown
Mb0571,Mb0571,unknown
Mb0530,Mb0530,unknown
Mb0536c,Mb0536c,unknown
Mb0827,Mb0827,unknown
Mb0538,Mb0538,unknown
Mb0575c,Mb0575c,unknown
Mb0541,Mb0541,unknown
Mb1073,Mb1073,unknown
Mb0551c,Mb0551c,unknown
Mb0552,Mb0552,unknown
Mb0553,Mb0553,unknown
Mb0554,Mb0554,unknown
Mb0555c,Mb0555c,unknown
Mb0558c,Mb0558c,unknown
Mb0581c,Mb0581c,unknown
Mb0560c,Mb0560c,unknown
Mb0561c,Mb0561c,unknown
Mb0567,Mb0567,unknown
Mb0574c,Mb0574c,unknown
Mb0576c,Mb0576c,unknown
Mb0627c,Mb0627c,unknown
Mb0580c,Mb0580c,unknown
Mb0582,Mb0582,unknown
Mb0600c,Mb0600c,unknown
Mb0584,Mb0584,unknown
Mb0586c,Mb0586c,unknown
Mb0587c,Mb0587c,unknown
Mb0589c,Mb0589c,unknown
Mb0616c,Mb0616c,unknown
Mb0590c,Mb0590c,unknown
Mb0591,Mb0591,unknown
Mb0685,Mb0685,unknown
Mb0594,Mb0594,unknown
Mb0595c,Mb0595c,unknown
Mb0697,Mb0697,unknown
Mb0599,Mb0599,unknown
Mb0628c,Mb0628c,unknown
Mb0622,Mb0622,unknown
Mb0650c,Mb0650c,unknown
Mb0613c,Mb0613c,unknown
Mb0633c,Mb0633c,unknown
Mb0619,Mb0619,unknown
Mb0621,Mb0621,unknown
Mb0629,Mb0629,unknown
Mb3798c,Mb3798c,unknown
Mb0630c,Mb0630c,unknown
Mb0631,Mb0631,unknown
Mb0632,Mb0632,unknown
Mb0637,Mb0637,unknown
Mb0638,Mb0638,unknown
Mb0641c,Mb0641c,unknown
Mb0644c,Mb0644c,unknown
Mb0672c,Mb0672c,unknown
Mb0651c,Mb0651c,unknown
Mb0666c,Mb0666c,unknown
Mb0667,Mb0667,unknown
Mb0669,Mb0669,unknown
Mb0673,Mb0673,unknown
Mb0677c,Mb0677c,unknown
Mb0706,Mb0706,unknown
Mb0688c,Mb0688c,unknown
Mb0693,Mb0693,unknown
Mb0810,Mb0810,unknown
Mb0698c,Mb0698c,unknown
Mb0699c,Mb0699c,unknown
Mb0700,Mb0700,unknown
Mb0751,Mb0751,unknown
Mb0733,Mb0733,unknown
Mb0707,Mb0707,unknown
Mb0708c,Mb0708c,unknown
Mb0709c,Mb0709c,unknown
Mb0710c,Mb0710c,unknown
Mb0710A,Mb0710A,unknown
Mb0711,Mb0711,unknown
Mb0746c,Mb0746c,unknown
Mb1463c,Mb1463c,unknown
Mb0714,Mb0714,unknown
Mb0715,Mb0715,unknown
Mb0716,Mb0716,unknown
Mb0717,Mb0717,unknown
Mb0718,Mb0718,unknown
Mb0719,Mb0719,unknown
Mb1926,Mb1926,unknown
Mb1479c,Mb1479c,unknown
Mb1992,Mb1992,unknown
Mb1080c,Mb1080c,unknown
Mb0734,Mb0734,unknown
Mb1081,Mb1081,unknown
Mb0752c,Mb0752c,unknown
Mb0901,Mb0901,unknown
Mb0747c,Mb0747c,unknown
Mb1082c,Mb1082c,unknown
Mb0758,Mb0758,unknown
Mb0759,Mb0759,unknown
Mb0760,Mb0760,unknown
Mb1090,Mb1090,unknown
Mb0761,Mb0761,unknown
Mb0762,Mb0762,unknown
Mb0764c,Mb0764c,unknown
Mb0765c,Mb0765c,unknown
Mb0766,Mb0766,unknown
Mb0794,Mb0794,unknown
Mb0799c,Mb0799c,unknown
Mb0809c,Mb0809c,unknown
Mb0778c,Mb0778c,unknown
Mb0779c,Mb0779c,unknown
Mb0782c,Mb0782c,unknown
Mb0783c,Mb0783c,unknown
Mb0785c,Mb0785c,unknown
Mb0786c,Mb0786c,unknown
Mb0840c,Mb0840c,unknown
Mb0788c,Mb0788c,unknown
Mb0790c,Mb0790c,unknown
Mb0792,Mb0792,unknown
Mb0793,Mb0793,unknown
Mb0797c,Mb0797c,unknown
Mb0798,Mb0798,unknown
Mb0808,Mb0808,unknown
Mb0802c,Mb0802c,unknown
Mb0816c,Mb0816c,unknown
Mb0806,Mb0806,unknown
Mb0807,Mb0807,unknown
Mb0811,Mb0811,unknown
Mb0815c,Mb0815c,unknown
Mb0817,Mb0817,unknown
Mb0822c,Mb0822c,unknown
Mb0818c,Mb0818c,unknown
Mb0819c,Mb0819c,unknown
Mb0860c,Mb0860c,unknown
Mb0820,Mb0820,unknown
Mb0834c,Mb0834c,unknown
Mb0824,Mb0824,unknown
Mb0825c,Mb0825c,unknown
Mb0828,Mb0828,unknown
Mb0873,Mb0873,unknown
Mb0830,Mb0830,unknown
Mb1377c,Mb1377c,unknown
Mb0833c,Mb0833c,unknown
Mb1130,Mb1130,unknown
Mb0835,Mb0835,unknown
Mb0848c,Mb0848c,unknown
Mb0836c,Mb0836c,unknown
Mb0841,Mb0841,unknown
Mb0845c,Mb0845c,unknown
Mb0852,Mb0852,unknown
Mb0909,Mb0909,unknown
Mb0846c,Mb0846c,unknown
Mb1017c,Mb1017c,unknown
Mb0849,Mb0849,unknown
Mb1018c,Mb1018c,unknown
Mb0851c,Mb0851c,unknown
Mb0853,Mb0853,unknown
Mb0854c,Mb0854c,unknown
Mb1611c,Mb1611c,unknown
Mb1808c,Mb1808c,unknown
Mb0930,Mb0930,unknown
Mb0862,Mb0862,unknown
Mb0864,Mb0864,unknown
Mb0865,Mb0865,unknown
Mb0866,Mb0866,unknown
Mb0868,Mb0868,unknown
Mb0869c,Mb0869c,unknown
Mb1180,Mb1180,unknown
Mb0872,Mb0872,unknown
Mb0874c,Mb0874c,unknown
Mb0936,Mb0936,unknown
Mb0877,Mb0877,unknown
Mb0879,Mb0879,unknown
Mb1809,Mb1809,unknown
Mb0880,Mb0880,unknown
Mb0885c,Mb0885c,unknown
Mb0993,Mb0993,unknown
Mb0894c,Mb0894c,unknown
Mb0945,Mb0945,unknown
Mb1091,Mb1091,unknown
Mb0907c,Mb0907c,unknown
Mb0898c,Mb0898c,unknown
Mb0899c,Mb0899c,unknown
Mb0900c,Mb0900c,unknown
Mb0903c,Mb0903c,unknown
Mb0904,Mb0904,unknown
Mb0912,Mb0912,unknown
Mb0905,Mb0905,unknown
Mb0906,Mb0906,unknown
Mb0911c,Mb0911c,unknown
Mb0915c,Mb0915c,unknown
Mb0916,Mb0916,unknown
Mb1079,Mb1079,unknown
Mb1145,Mb1145,unknown
Mb0917c,Mb0917c,unknown
Mb0918,Mb0918,unknown
Mb2278c,Mb2278c,unknown
Mb0919,Mb0919,unknown
Mb1049,Mb1049,unknown
Mb0921c,Mb0921c,unknown
Mb0924,Mb0924,unknown
Mb0925,Mb0925,unknown
Mb0935,Mb0935,unknown
Mb0931,Mb0931,unknown
Mb0933,Mb0933,unknown
Mb0944c,Mb0944c,unknown
Mb1054,Mb1054,unknown
Mb0937c,Mb0937c,unknown
Mb0938c,Mb0938c,unknown
Mb0942,Mb0942,unknown
Mb0943,Mb0943,unknown
Mb0946,Mb0946,unknown
Mb0947c,Mb0947c,unknown
Mb0949c,Mb0949c,unknown
Mb0950c,Mb0950c,unknown
Mb0980,Mb0980,unknown
Mb1023,Mb1023,unknown
Mb0964,Mb0964,unknown
Mb0965c,Mb0965c,unknown
Mb0968c,Mb0968c,unknown
Mb0969,Mb0969,unknown
Mb0970,Mb0970,unknown
Mb0972c,Mb0972c,unknown
Mb0979,Mb0979,unknown
Mb0975c,Mb0975c,unknown
Mb1094,Mb1094,unknown
Mb0978c,Mb0978c,unknown
Mb0983,Mb0983,unknown
Mb0984,Mb0984,unknown
Mb0986,Mb0986,unknown
Mb0988c,Mb0988c,unknown
Mb0990c,Mb0990c,unknown
Mb0991c,Mb0991c,unknown
Mb1023A,Mb1023A,unknown
Mb0995,Mb0995,unknown
Mb1001c,Mb1001c,unknown
Mb1004c,Mb1004c,unknown
Mb1024,Mb1024,unknown
Mb1147c,Mb1147c,unknown
Mb1859,Mb1859,unknown
Mb1019c,Mb1019c,unknown
Mb1012,Mb1012,unknown
Mb1025,Mb1025,unknown
Mb1013,Mb1013,unknown
Mb1031c,Mb1031c,unknown
Mb1014,Mb1014,unknown
Mb1033,Mb1033,unknown
Mb1015,Mb1015,unknown
Mb1074,Mb1074,unknown
Mb1071c,Mb1071c,unknown
Mb1027c,Mb1027c,unknown
Mb1029c,Mb1029c,unknown
Mb1030,Mb1030,unknown
Mb1075c,Mb1075c,unknown
Mb1439,Mb1439,unknown
Mb1040,Mb1040,unknown
Mb1076,Mb1076,unknown
Mb1070c,Mb1070c,unknown
Mb1047,Mb1047,unknown
Mb1064c,Mb1064c,unknown
Mb1065c,Mb1065c,unknown
Mb1072c,Mb1072c,unknown
Mb2826,Mb2826,unknown
Mb1083,Mb1083,unknown
Mb1084,Mb1084,unknown
Mb1085,Mb1085,unknown
Mb1095,Mb1095,unknown
Mb1086,Mb1086,unknown
Mb1860,Mb1860,unknown
Mb1088,Mb1088,unknown
Mb1089,Mb1089,unknown
Mb1092c,Mb1092c,unknown
Mb1098c,Mb1098c,unknown
Mb1101,Mb1101,unknown
Mb1102,Mb1102,unknown
Mb1104c,Mb1104c,unknown
Mb1110c,Mb1110c,unknown
Mb2892c,Mb2892c,unknown
Mb1113,Mb1113,unknown
Mb1114c,Mb1114c,unknown
Mb1115,Mb1115,unknown
Mb1126,Mb1126,unknown
Mb1127c,Mb1127c,unknown
Mb1131c,Mb1131c,unknown
Mb1134,Mb1134,unknown
Mb1135,Mb1135,unknown
Mb1861,Mb1861,unknown
Mb1141c,Mb1141c,unknown
Mb1136c,Mb1136c,unknown
Mb1139c,Mb1139c,unknown
Mb1142,Mb1142,unknown
Mb1151c,Mb1151c,unknown
Mb1159c,Mb1159c,unknown
Mb3230c,Mb3230c,unknown
Mb1156,Mb1156,unknown
Mb1157c,Mb1157c,unknown
Mb1160c,Mb1160c,unknown
Mb1163,Mb1163,unknown
Mb1224,Mb1224,unknown
Mb1170c,Mb1170c,unknown
Mb1171c,Mb1171c,unknown
Mb1172,Mb1172,unknown
Mb1181,Mb1181,unknown
Mb1176,Mb1176,unknown
Mb1178,Mb1178,unknown
Mb1179c,Mb1179c,unknown
Mb1182c,Mb1182c,unknown
Mb1183,Mb1183,unknown
Mb1186,Mb1186,unknown
Mb1186A,Mb1186A,unknown
Mb1187,Mb1187,unknown
Mb1188c,Mb1188c,unknown
Mb1189c,Mb1189c,unknown
Mb1199c,Mb1199c,unknown
Mb1218c,Mb1218c,unknown
Mb1209c,Mb1209c,unknown
Mb1211,Mb1211,unknown
Mb1212c,Mb1212c,unknown
Mb1216c,Mb1216c,unknown
Mb1222,Mb1222,unknown
Mb1258c,Mb1258c,unknown
Mb1220,Mb1220,unknown
Mb1223,Mb1223,unknown
Mb1226c,Mb1226c,unknown
Mb1241,Mb1241,unknown
Mb1236c,Mb1236c,unknown
Mb1231c,Mb1231c,unknown
Mb1232,Mb1232,unknown
Mb1235c,Mb1235c,unknown
Mb1266,Mb1266,unknown
Mb1237,Mb1237,unknown
Mb1299c,Mb1299c,unknown
Mb1247c,Mb1247c,unknown
Mb1248c,Mb1248c,unknown
Mb1257c,Mb1257c,unknown
Mb1249c,Mb1249c,unknown
Mb1250c,Mb1250c,unknown
Mb1251c,Mb1251c,unknown
Mb1252c,Mb1252c,unknown
Mb1262c,Mb1262c,unknown
Mb1263c,Mb1263c,unknown
Mb1264c,Mb1264c,unknown
Mb1265c,Mb1265c,unknown
Mb1277c,Mb1277c,unknown
Mb1282,Mb1282,unknown
Mb1302c,Mb1302c,unknown
Mb1283c,Mb1283c,unknown
Mb1286,Mb1286,unknown
Mb1303c,Mb1303c,unknown
Mb1287c,Mb1287c,unknown
Mb1288c,Mb1288c,unknown
Mb1344,Mb1344,unknown
Mb1290,Mb1290,unknown
Mb1296,Mb1296,unknown
Mb1372,Mb1372,unknown
Mb1291,Mb1291,unknown
Mb1292c,Mb1292c,unknown
Mb1293c,Mb1293c,unknown
Mb1295,Mb1295,unknown
Mb1386,Mb1386,unknown
Mb1304c,Mb1304c,unknown
Mb1307c,Mb1307c,unknown
Mb1308,Mb1308,unknown
Mb1309,Mb1309,unknown
Mb1310,Mb1310,unknown
Mb1322,Mb1322,unknown
Mb1321c,Mb1321c,unknown
Mb1346c,Mb1346c,unknown
Mb1318,Mb1318,unknown
Mb1319,Mb1319,unknown
Mb1320,Mb1320,unknown
Mb1397c,Mb1397c,unknown
Mb1335,Mb1335,unknown
Mb1756,Mb1756,unknown
Mb1345c,Mb1345c,unknown
Mb1347c,Mb1347c,unknown
Mb1357c,Mb1357c,unknown
Mb1352c,Mb1352c,unknown
Mb1353c,Mb1353c,unknown
Mb1354c,Mb1354c,unknown
Mb1355,Mb1355,unknown
Mb1356,Mb1356,unknown
Mb1359,Mb1359,unknown
Mb1366,Mb1366,unknown
Mb1367,Mb1367,unknown
Mb1368,Mb1368,unknown
Mb1374,Mb1374,unknown
Mb1398c,Mb1398c,unknown
Mb1376,Mb1376,unknown
Mb1406,Mb1406,unknown
Mb1546,Mb1546,unknown
Mb1388c,Mb1388c,unknown
Mb1389c,Mb1389c,unknown
Mb1391c,Mb1391c,unknown
Mb1392c,Mb1392c,unknown
Mb1393,Mb1393,unknown
Mb1394,Mb1394,unknown
Mb1395,Mb1395,unknown
Mb1399c,Mb1399c,unknown
Mb1402c,Mb1402c,unknown
Mb1536c,Mb1536c,unknown
Mb1404,Mb1404,unknown
Mb1405,Mb1405,unknown
Mb1407,Mb1407,unknown
Mb1408,Mb1408,unknown
Mb1409c,Mb1409c,unknown
Mb1410,Mb1410,unknown
Mb1411,Mb1411,unknown
Mb1412c,Mb1412c,unknown
Mb1413c,Mb1413c,unknown
Mb1417,Mb1417,unknown
Mb1428c,Mb1428c,unknown
Mb1438c,Mb1438c,unknown
Mb1430,Mb1430,unknown
Mb1436,Mb1436,unknown
Mb1440c,Mb1440c,unknown
Mb1459c,Mb1459c,unknown
Mb1445c,Mb1445c,unknown
Mb1448,Mb1448,unknown
Mb1449,Mb1449,unknown
Mb1460,Mb1460,unknown
Mb1452,Mb1452,unknown
Mb1456,Mb1456,unknown
Mb1457,Mb1457,unknown
Mb1537,Mb1537,unknown
Mb1464,Mb1464,unknown
Mb1466,Mb1466,unknown
Mb1467,Mb1467,unknown
Mb1468,Mb1468,unknown
Mb1469,Mb1469,unknown
Mb1470c,Mb1470c,unknown
Mb3666c,Mb3666c,unknown
Mb1491c,Mb1491c,unknown
Mb1478c,Mb1478c,unknown
Mb1526,Mb1526,unknown
Mb1796,Mb1796,unknown
Mb1761c,Mb1761c,unknown
Mb1488,Mb1488,unknown
Mb1490,Mb1490,unknown
Mb1492c,Mb1492c,unknown
Mb1493c,Mb1493c,unknown
Mb1494c,Mb1494c,unknown
Mb1495,Mb1495,unknown
Mb1496,Mb1496,unknown
Mb1497,Mb1497,unknown
Mb1498,Mb1498,unknown
Mb1500,Mb1500,unknown
Mb1512,Mb1512,unknown
Mb1501,Mb1501,unknown
Mb1525,Mb1525,unknown
Mb1941c,Mb1941c,unknown
Mb1561,Mb1561,unknown
Mb1517,Mb1517,unknown
Mb1508,Mb1508,unknown
Mb1509,Mb1509,unknown
Mb1510c,Mb1510c,unknown
Mb1562,Mb1562,unknown
Mb1771,Mb1771,unknown
Mb1514,Mb1514,unknown
Mb1516,Mb1516,unknown
Mb1518c,Mb1518c,unknown
Mb1522c,Mb1522c,unknown
Mb1523,Mb1523,unknown
Mb1524,Mb1524,unknown
Mb1528c,Mb1528c,unknown
Mb1533,Mb1533,unknown
Mb1560,Mb1560,unknown
Mb1535c,Mb1535c,unknown
Mb1538,Mb1538,unknown
Mb1539,Mb1539,unknown
Mb1540,Mb1540,unknown
Mb1541,Mb1541,unknown
Mb1550,Mb1550,unknown
Mb1542c,Mb1542c,unknown
Mb1543c,Mb1543c,unknown
Mb1544,Mb1544,unknown
Mb1545,Mb1545,unknown
Mb1547,Mb1547,unknown
Mb1551,Mb1551,unknown
Mb1553c,Mb1553c,unknown
Mb1567,Mb1567,unknown
Mb1570,Mb1570,unknown
Mb1571,Mb1571,unknown
Mb1573,Mb1573,unknown
Mb1602c,Mb1602c,unknown
Mb1581,Mb1581,unknown
Mb1584,Mb1584,unknown
Mb1600,Mb1600,unknown
Mb1592c,Mb1592c,unknown
Mb1593c,Mb1593c,unknown
Mb1598,Mb1598,unknown
Mb1598A,Mb1598A,unknown
Mb1601,Mb1601,unknown
Mb1610c,Mb1610c,unknown
Mb1603c,Mb1603c,unknown
Mb1604c,Mb1604c,unknown
Mb1606c,Mb1606c,unknown
Mb1608c,Mb1608c,unknown
Mb1609c,Mb1609c,unknown
Mb1612c,Mb1612c,unknown
Mb1613c,Mb1613c,unknown
Mb1614c,Mb1614c,unknown
Mb1618c,Mb1618c,unknown
Mb1619c,Mb1619c,unknown
Mb1658c,Mb1658c,unknown
Mb1650c,Mb1650c,unknown
Mb1636,Mb1636,unknown
Mb2296,Mb2296,unknown
Mb1661c,Mb1661c,unknown
Mb1723,Mb1723,unknown
Mb1642,Mb1642,unknown
Mb1645,Mb1645,unknown
Mb1698,Mb1698,unknown
Mb1665c,Mb1665c,unknown
Mb2829,Mb2829,unknown
Mb1652,Mb1652,unknown
Mb1653c,Mb1653c,unknown
Mb1767,Mb1767,unknown
Mb1660,Mb1660,unknown
Mb1805c,Mb1805c,unknown
Mb1762c,Mb1762c,unknown
Mb1663c,Mb1663c,unknown
Mb1666c,Mb1666c,unknown
Mb1672c,Mb1672c,unknown
Mb1674,Mb1674,unknown
Mb1675,Mb1675,unknown
Mb1777,Mb1777,unknown
Mb1709,Mb1709,unknown
Mb1763c,Mb1763c,unknown
Mb1778c,Mb1778c,unknown
Mb1697,Mb1697,unknown
Mb1856,Mb1856,unknown
Mb1707,Mb1707,unknown
Mb1695c,Mb1695c,unknown
Mb1699c,Mb1699c,unknown
Mb1700c,Mb1700c,unknown
Mb1701c,Mb1701c,unknown
Mb1710,Mb1710,unknown
Mb1711c,Mb1711c,unknown
Mb1712c,Mb1712c,unknown
Mb1713c,Mb1713c,unknown
Mb1717,Mb1717,unknown
Mb1718,Mb1718,unknown
Mb1719,Mb1719,unknown
Mb1814,Mb1814,unknown
Mb1726,Mb1726,unknown
Mb1727,Mb1727,unknown
Mb1728c,Mb1728c,unknown
Mb1729c,Mb1729c,unknown
Mb2009,Mb2009,unknown
Mb1733c,Mb1733c,unknown
Mb1734,Mb1734,unknown
Mb1735,Mb1735,unknown
Mb1738,Mb1738,unknown
Mb2018,Mb2018,unknown
Mb2832,Mb2832,unknown
Mb1741,Mb1741,unknown
Mb1744,Mb1744,unknown
Mb1745,Mb1745,unknown
Mb1746,Mb1746,unknown
Mb1748,Mb1748,unknown
Mb1751,Mb1751,unknown
Mb1752,Mb1752,unknown
Mb2102c,Mb2102c,unknown
Mb1855,Mb1855,unknown
Mb1754c,Mb1754c,unknown
Mb1755,Mb1755,unknown
Mb1757c,Mb1757c,unknown
Mb1758c,Mb1758c,unknown
Mb1894c,Mb1894c,unknown
Mb1759c,Mb1759c,unknown
Mb1768c,Mb1768c,unknown
Mb1986c,Mb1986c,unknown
Mb1764c,Mb1764c,unknown
Mb1773c,Mb1773c,unknown
Mb1776,Mb1776,unknown
Mb1783c,Mb1783c,unknown
Mb1780,Mb1780,unknown
Mb1781,Mb1781,unknown
Mb1785c,Mb1785c,unknown
Mb1786,Mb1786,unknown
Mb1794c,Mb1794c,unknown
Mb1793c,Mb1793c,unknown
Mb1996,Mb1996,unknown
Mb2024,Mb2024,unknown
Mb1791,Mb1791,unknown
Mb1792c,Mb1792c,unknown
Mb1795A,Mb1795A,unknown
Mb1988A,Mb1988A,unknown
Mb1798,Mb1798,unknown
Mb1799,Mb1799,unknown
Mb1800,Mb1800,unknown
Mb1801,Mb1801,unknown
Mb1802c,Mb1802c,unknown
Mb1803,Mb1803,unknown
Mb1804,Mb1804,unknown
Mb1807c,Mb1807c,unknown
Mb1945c,Mb1945c,unknown
Mb1822,Mb1822,unknown
Mb1833c,Mb1833c,unknown
Mb1834c,Mb1834c,unknown
Mb1862,Mb1862,unknown
Mb2042,Mb2042,unknown
Mb1842c,Mb1842c,unknown
Mb1843c,Mb1843c,unknown
Mb1845,Mb1845,unknown
Mb1848,Mb1848,unknown
Mb1854,Mb1854,unknown
Mb1864c,Mb1864c,unknown
Mb1866c,Mb1866c,unknown
Mb1873c,Mb1873c,unknown
Mb1867c,Mb1867c,unknown
Mb1904,Mb1904,unknown
Mb1872c,Mb1872c,unknown
Mb1917c,Mb1917c,unknown
Mb1878,Mb1878,unknown
Mb1886c,Mb1886c,unknown
Mb1887c,Mb1887c,unknown
Mb1892,Mb1892,unknown
Mb1895c,Mb1895c,unknown
Mb2043c,Mb2043c,unknown
Mb1896c,Mb1896c,unknown
Mb1897,Mb1897,unknown
Mb3160A,Mb3160A,unknown
Mb1898,Mb1898,unknown
Mb2026c,Mb2026c,unknown
Mb1899,Mb1899,unknown
Mb1900c,Mb1900c,unknown
Mb3773,Mb3773,unknown
Mb1901c,Mb1901c,unknown
Mb1902c,Mb1902c,unknown
Mb1914c,Mb1914c,unknown
Mb1906,Mb1906,unknown
Mb1908,Mb1908,unknown
Mb1909,Mb1909,unknown
Mb1911,Mb1911,unknown
Mb1915c,Mb1915c,unknown
Mb1919,Mb1919,unknown
Mb2047c,Mb2047c,unknown
Mb1920c,Mb1920c,unknown
Mb1921c,Mb1921c,unknown
Mb1922c,Mb1922c,unknown
Mb1927c,Mb1927c,unknown
Mb1942c,Mb1942c,unknown
Mb1928,Mb1928,unknown
Mb1929,Mb1929,unknown
Mb0491c,Mb0491c,unknown
Mb1931c,Mb1931c,unknown
Mb1933,Mb1933,unknown
Mb1957,Mb1957,unknown
Mb1938,Mb1938,unknown
Mb1939,Mb1939,unknown
Mb2046c,Mb2046c,unknown
Mb1948,Mb1948,unknown
Mb1949c,Mb1949c,unknown
Mb1964c,Mb1964c,unknown
Mb2332c,Mb2332c,unknown
Mb1954c,Mb1954c,unknown
Mb1955,Mb1955,unknown
Mb1959c,Mb1959c,unknown
Mb1962,Mb1962,unknown
Mb1963c,Mb1963c,unknown
Mb1965c,Mb1965c,unknown
Mb1966c,Mb1966c,unknown
Mb2048c,Mb2048c,unknown
Mb1985c,Mb1985c,unknown
Mb1971,Mb1971,unknown
Mb1972,Mb1972,unknown
Mb1980,Mb1980,unknown
Mb1974,Mb1974,unknown
Mb1976,Mb1976,unknown
Mb1984c,Mb1984c,unknown
Mb2000,Mb2000,unknown
Mb2001c,Mb2001c,unknown
Mb2013c,Mb2013c,unknown
Mb2007c,Mb2007c,unknown
Mb2008,Mb2008,unknown
Mb2011c,Mb2011c,unknown
Mb2012c,Mb2012c,unknown
Mb2019,Mb2019,unknown
Mb0503c,Mb0503c,unknown
Mb2021c,Mb2021c,unknown
Mb2022c,Mb2022c,unknown
Mb2023,Mb2023,unknown
Mb2049c,Mb2049c,unknown
Mb2027c,Mb2027c,unknown
Mb2028c,Mb2028c,unknown
Mb2044c,Mb2044c,unknown
Mb2076,Mb2076,unknown
Mb2031c,Mb2031c,unknown
Mb2034c,Mb2034c,unknown
Mb2035,Mb2035,unknown
Mb2036,Mb2036,unknown
Mb2109,Mb2109,unknown
Mb2037,Mb2037,unknown
Mb2038c,Mb2038c,unknown
Mb2039,Mb2039,unknown
Mb2104,Mb2104,unknown
Mb2040,Mb2040,unknown
Mb2041,Mb2041,unknown
Mb2045c,Mb2045c,unknown
Mb2050c,Mb2050c,unknown
Mb2051c,Mb2051c,unknown
Mb2053c,Mb2053c,unknown
Mb2055c,Mb2055c,unknown
Mb2111,Mb2111,unknown
Mb2056c,Mb2056c,unknown
Mb2063c,Mb2063c,unknown
Mb2059c,Mb2059c,unknown
Mb2062,Mb2062,unknown
Mb2243c,Mb2243c,unknown
Mb2064c,Mb2064c,unknown
Mb2065c,Mb2065c,unknown
Mb2066c,Mb2066c,unknown
Mb2080,Mb2080,unknown
Mb2067c,Mb2067c,unknown
Mb2068c,Mb2068c,unknown
Mb2070c,Mb2070c,unknown
Mb2073c,Mb2073c,unknown
Mb2075c,Mb2075c,unknown
Mb2078c,Mb2078c,unknown
Mb2085,Mb2085,unknown
Mb2086,Mb2086,unknown
Mb2087c,Mb2087c,unknown
Mb2093c,Mb2093c,unknown
Mb2114,Mb2114,unknown
Mb2144c,Mb2144c,unknown
Mb2100c,Mb2100c,unknown
Mb2103c,Mb2103c,unknown
Mb2118c,Mb2118c,unknown
Mb2105,Mb2105,unknown
Mb2107c,Mb2107c,unknown
Mb2108,Mb2108,unknown
Mb2110,Mb2110,unknown
Mb2112,Mb2112,unknown
Mb2113,Mb2113,unknown
Mb2149,Mb2149,unknown
Mb2117,Mb2117,unknown
Mb2126,Mb2126,unknown
Mb2138,Mb2138,unknown
Mb2167,Mb2167,unknown
Mb2331c,Mb2331c,unknown
Mb2128,Mb2128,unknown
Mb2137,Mb2137,unknown
Mb2168c,Mb2168c,unknown
Mb2141,Mb2141,unknown
Mb2142c,Mb2142c,unknown
Mb2143,Mb2143,unknown
Mb2295,Mb2295,unknown
Mb2333c,Mb2333c,unknown
Mb2152,Mb2152,unknown
Mb2153c,Mb2153c,unknown
Mb2160c,Mb2160c,unknown
Mb2156,Mb2156,unknown
Mb2157c,Mb2157c,unknown
Mb2159c,Mb2159c,unknown
Mb2161c,Mb2161c,unknown
Mb2165c,Mb2165c,unknown
Mb2170c,Mb2170c,unknown
Mb2171c,Mb2171c,unknown
Mb2172c,Mb2172c,unknown
Mb2340c,Mb2340c,unknown
Mb2183c,Mb2183c,unknown
Mb2188c,Mb2188c,unknown
Mb2184c,Mb2184c,unknown
Mb2185c,Mb2185c,unknown
Mb2222c,Mb2222c,unknown
Mb2189c,Mb2189c,unknown
Mb2190c,Mb2190c,unknown
Mb2191c,Mb2191c,unknown
Mb2201c,Mb2201c,unknown
Mb2192,Mb2192,unknown
Mb2194c,Mb2194c,unknown
Mb2203,Mb2203,unknown
Mb2307c,Mb2307c,unknown
Mb2202c,Mb2202c,unknown
Mb2197c,Mb2197c,unknown
Mb2199c,Mb2199c,unknown
Mb2204c,Mb2204c,unknown
Mb2205c,Mb2205c,unknown
Mb2206c,Mb2206c,unknown
Mb2212c,Mb2212c,unknown
Mb2213c,Mb2213c,unknown
Mb2310,Mb2310,unknown
Mb2214,Mb2214,unknown
Mb2227c,Mb2227c,unknown
Mb2220c,Mb2220c,unknown
Mb2226,Mb2226,unknown
Mb2228c,Mb2228c,unknown
Mb2229,Mb2229,unknown
Mb3678c,Mb3678c,unknown
Mb3682c,Mb3682c,unknown
MB2495A,MB2495A,unknown
Mb2232,Mb2232,unknown
Mb2235,Mb2235,unknown
Mb2239,Mb2239,unknown
Mb2242,Mb2242,unknown
Mb2247c,Mb2247c,unknown
Mb2254c,Mb2254c,unknown
Mb2250,Mb2250,unknown
Mb2588,Mb2588,unknown
Mb2251,Mb2251,unknown
Mb2252,Mb2252,unknown
Mb2261,Mb2261,unknown
Mb2253c,Mb2253c,unknown
Mb2255c,Mb2255c,unknown
Mb2259,Mb2259,unknown
Mb2263c,Mb2263c,unknown
Mb2546c,Mb2546c,unknown
Mb2266,Mb2266,unknown
Mb2276,Mb2276,unknown
Mb2272,Mb2272,unknown
Mb2274c,Mb2274c,unknown
Mb2308c,Mb2308c,unknown
Mb2275,Mb2275,unknown
Mb2280c,Mb2280c,unknown
Mb2681,Mb2681,unknown
Mb2281c,Mb2281c,unknown
Mb2282c,Mb2282c,unknown
Mb2284,Mb2284,unknown
Mb2285c,Mb2285c,unknown
Mb2286,Mb2286,unknown
Mb2298,Mb2298,unknown
Mb2287c,Mb2287c,unknown
Mb3943,Mb3943,unknown
Mb2288,Mb2288,unknown
Mb2290c,Mb2290c,unknown
Mb2300c,Mb2300c,unknown
Mb2301,Mb2301,unknown
Mb2303c,Mb2303c,unknown
Mb2304,Mb2304,unknown
Mb2495c,Mb2495c,unknown
Mb2306,Mb2306,unknown
Mb2315c,Mb2315c,unknown
Mb2316,Mb2316,unknown
Mb2317,Mb2317,unknown
Mb2318,Mb2318,unknown
Mb2320,Mb2320,unknown
Mb2328,Mb2328,unknown
Mb2322c,Mb2322c,unknown
Mb2346c,Mb2346c,unknown
Mb2324,Mb2324,unknown
Mb2325c,Mb2325c,unknown
Mb2326c,Mb2326c,unknown
Mb2327,Mb2327,unknown
Mb2329,Mb2329,unknown
Mb2330c,Mb2330c,unknown
Mb2334,Mb2334,unknown
Mb2506c,Mb2506c,unknown
Mb2335c,Mb2335c,unknown
Mb2336,Mb2336,unknown
Mb2337,Mb2337,unknown
Mb2338,Mb2338,unknown
Mb2339,Mb2339,unknown
Mb2341c,Mb2341c,unknown
Mb2342c,Mb2342c,unknown
Mb2354,Mb2354,unknown
Mb2350c,Mb2350c,unknown
Mb2351,Mb2351,unknown
Mb2358,Mb2358,unknown
Mb2359,Mb2359,unknown
Mb2352c,Mb2352c,unknown
Mb2353c,Mb2353c,unknown
Mb2381c,Mb2381c,unknown
Mb2581c,Mb2581c,unknown
Mb2364,Mb2364,unknown
Mb2365c,Mb2365c,unknown
Mb2371,Mb2371,unknown
Mb3818,Mb3818,unknown
Mb2374,Mb2374,unknown
Mb2382c,Mb2382c,unknown
Mb2587,Mb2587,unknown
Mb2443c,Mb2443c,unknown
Mb2390c,Mb2390c,unknown
Mb2386c,Mb2386c,unknown
Mb2387c,Mb2387c,unknown
Mb2388c,Mb2388c,unknown
Mb2391c,Mb2391c,unknown
Mb2393c,Mb2393c,unknown
Mb2264c,Mb2264c,unknown
Mb3733c,Mb3733c,unknown
Mb2407A,Mb2407A,unknown
Mb2408,Mb2408,unknown
Mb2476c,Mb2476c,unknown
Mb2411c,Mb2411c,unknown
Mb2682,Mb2682,unknown
Mb2416,Mb2416,unknown
Mb2429c,Mb2429c,unknown
Mb2417,Mb2417,unknown
Mb2432c,Mb2432c,unknown
Mb2423,Mb2423,unknown
Mb2424c,Mb2424c,unknown
Mb2425,Mb2425,unknown
Mb2433c,Mb2433c,unknown
Mb2428,Mb2428,unknown
Mb2436c,Mb2436c,unknown
Mb2430,Mb2430,unknown
Mb2434c,Mb2434c,unknown
Mb2437c,Mb2437c,unknown
Mb2662,Mb2662,unknown
Mb2561c,Mb2561c,unknown
Mb2438c,Mb2438c,unknown
Mb2440c,Mb2440c,unknown
Mb2441c,Mb2441c,unknown
Mb2447c,Mb2447c,unknown
Mb2448c,Mb2448c,unknown
Mb2449c,Mb2449c,unknown
Mb2450c,Mb2450c,unknown
Mb3675,Mb3675,unknown
Mb2458c,Mb2458c,unknown
Mb2459c,Mb2459c,unknown
Mb2461c,Mb2461c,unknown
Mb2460c,Mb2460c,unknown
Mb2463,Mb2463,unknown
Mb2465,Mb2465,unknown
Mb2483c,Mb2483c,unknown
Mb2501c,Mb2501c,unknown
Mb2473c,Mb2473c,unknown
Mb3398c,Mb3398c,unknown
Mb2478,Mb2478,unknown
Mb2479c,Mb2479c,unknown
Mb3399c,Mb3399c,unknown
Mb2481c,Mb2481c,unknown
Mb2482c,Mb2482c,unknown
Mb2486,Mb2486,unknown
Mb2491c,Mb2491c,unknown
Mb2493c,Mb2493c,unknown
Mb2541,Mb2541,unknown
Mb2496c,Mb2496c,unknown
Mb2549c,Mb2549c,unknown
Mb2499,Mb2499,unknown
Mb2500,Mb2500,unknown
Mb2502c,Mb2502c,unknown
Mb2678c,Mb2678c,unknown
Mb2504c,Mb2504c,unknown
Mb2505c,Mb2505c,unknown
Mb2509c,Mb2509c,unknown
Mb2515c,Mb2515c,unknown
Mb2519,Mb2519,unknown
Mb2520,Mb2520,unknown
Mb2527c,Mb2527c,unknown
Mb2536c,Mb2536c,unknown
Mb2543c,Mb2543c,unknown
Mb2537,Mb2537,unknown
Mb2534,Mb2534,unknown
Mb2535,Mb2535,unknown
Mb2629,Mb2629,unknown
Mb2538c,Mb2538c,unknown
Mb2540c,Mb2540c,unknown
Mb2544c,Mb2544c,unknown
Mb2545c,Mb2545c,unknown
Mb2551c,Mb2551c,unknown
Mb2554c,Mb2554c,unknown
Mb2558,Mb2558,unknown
Mb2578A,Mb2578A,unknown
Mb2606c,Mb2606c,unknown
Mb2560c,Mb2560c,unknown
Mb2679c,Mb2679c,unknown
Mb3774,Mb3774,unknown
Mb2565,Mb2565,unknown
Mb2666c,Mb2666c,unknown
Mb2570,Mb2570,unknown
Mb2571,Mb2571,unknown
Mb2680,Mb2680,unknown
Mb2583c,Mb2583c,unknown
Mb2584c,Mb2584c,unknown
Mb2542,Mb2542,unknown
Mb2586c,Mb2586c,unknown
Mb2589c,Mb2589c,unknown
Mb2590,Mb2590,unknown
Mb2591,Mb2591,unknown
Mb2592,Mb2592,unknown
Mb2784c,Mb2784c,unknown
Mb2594,Mb2594,unknown
Mb2595,Mb2595,unknown
Mb2601c,Mb2601c,unknown
Mb2596,Mb2596,unknown
Mb2605,Mb2605,unknown
Mb2597,Mb2597,unknown
Mb2598c,Mb2598c,unknown
Mb2599c,Mb2599c,unknown
Mb2600,Mb2600,unknown
Mb2603,Mb2603,unknown
Mb2604,Mb2604,unknown
Mb2607,Mb2607,unknown
Mb2608,Mb2608,unknown
Mb2609c,Mb2609c,unknown
Mb2612c,Mb2612c,unknown
Mb2616c,Mb2616c,unknown
Mb2655,Mb2655,unknown
Mb2694c,Mb2694c,unknown
Mb3142,Mb3142,unknown
Mb2630,Mb2630,unknown
Mb2631,Mb2631,unknown
Mb2663,Mb2663,unknown
Mb3703c,Mb3703c,unknown
Mb2757,Mb2757,unknown
Mb2635c,Mb2635c,unknown
Mb2973c,Mb2973c,unknown
Mb2641c,Mb2641c,unknown
Mb2995,Mb2995,unknown
Mb2643c,Mb2643c,unknown
Mb2650c,Mb2650c,unknown
Mb2649,Mb2649,unknown
Mb2645c,Mb2645c,unknown
Mb2647,Mb2647,unknown
Mb2651,Mb2651,unknown
Mb2652c,Mb2652c,unknown
Mb2653c,Mb2653c,unknown
Mb2654c,Mb2654c,unknown
Mb2660c,Mb2660c,unknown
Mb2717,Mb2717,unknown
Mb2657c,Mb2657c,unknown
Mb2658c,Mb2658c,unknown
Mb2664,Mb2664,unknown
Mb2665c,Mb2665c,unknown
Mb2668,Mb2668,unknown
Mb2669,Mb2669,unknown
Mb2671,Mb2671,unknown
Mb2672c,Mb2672c,unknown
Mb2673c,Mb2673c,unknown
Mb2718c,Mb2718c,unknown
Mb2675,Mb2675,unknown
Mb2685,Mb2685,unknown
Mb2677c,Mb2677c,unknown
Mb2684,Mb2684,unknown
Mb2728,Mb2728,unknown
Mb2687,Mb2687,unknown
Mb2688,Mb2688,unknown
Mb2689c,Mb2689c,unknown
Mb2691,Mb2691,unknown
Mb1185c,Mb1185c,unknown
Mb2751c,Mb2751c,unknown
Mb2695c,Mb2695c,unknown
Mb2719,Mb2719,unknown
Mb2699,Mb2699,unknown
Mb2700,Mb2700,unknown
Mb2702,Mb2702,unknown
Mb2319,Mb2319,unknown
Mb2705c,Mb2705c,unknown
Mb2706c,Mb2706c,unknown
Mb2738c,Mb2738c,unknown
Mb2707c,Mb2707c,unknown
Mb2708c,Mb2708c,unknown
Mb2815c,Mb2815c,unknown
Mb2709c,Mb2709c,unknown
Mb2731c,Mb2731c,unknown
Mb2712c,Mb2712c,unknown
Mb2713c,Mb2713c,unknown
Mb2714,Mb2714,unknown
Mb2715c,Mb2715c,unknown
Mb2758c,Mb2758c,unknown
Mb2723,Mb2723,unknown
Mb2724c,Mb2724c,unknown
Mb2726,Mb2726,unknown
Mb2727c,Mb2727c,unknown
Mb2733,Mb2733,unknown
Mb2822,Mb2822,unknown
Mb2833c,Mb2833c,unknown
Mb2734,Mb2734,unknown
Mb2735,Mb2735,unknown
Mb2764c,Mb2764c,unknown
Mb2736c,Mb2736c,unknown
Mb2740c,Mb2740c,unknown
Mb2741,Mb2741,unknown
Mb2752c,Mb2752c,unknown
Mb2742,Mb2742,unknown
Mb2845c,Mb2845c,unknown
Mb2747c,Mb2747c,unknown
Mb2748c,Mb2748c,unknown
Mb2750,Mb2750,unknown
Mb2770,Mb2770,unknown
Mb2753,Mb2753,unknown
Mb2754c,Mb2754c,unknown
Mb2759c,Mb2759c,unknown
Mb2910c,Mb2910c,unknown
Mb2762c,Mb2762c,unknown
Mb2763c,Mb2763c,unknown
Mb2783c,Mb2783c,unknown
Mb2771,Mb2771,unknown
Mb2772,Mb2772,unknown
Mb2773c,Mb2773c,unknown
Mb2810,Mb2810,unknown
Mb3635c,Mb3635c,unknown
Mb2787,Mb2787,unknown
Mb2788c,Mb2788c,unknown
Mb2789c,Mb2789c,unknown
Mb2835,Mb2835,unknown
Mb2798c,Mb2798c,unknown
Mb2793c,Mb2793c,unknown
Mb3125A,Mb3125A,unknown
Mb2836,Mb2836,unknown
Mb2794c,Mb2794c,unknown
Mb2796c,Mb2796c,unknown
Mb2797,Mb2797,unknown
Mb2968,Mb2968,unknown
Mb2799c,Mb2799c,unknown
Mb3940,Mb3940,unknown
Mb2925c,Mb2925c,unknown
Mb2800c,Mb2800c,unknown
Mb2801c,Mb2801c,unknown
Mb2804c,Mb2804c,unknown
Mb2814c,Mb2814c,unknown
Mb2821c,Mb2821c,unknown
Mb2818c,Mb2818c,unknown
Mb1982,Mb1982,unknown
Mb2820c,Mb2820c,unknown
Mb2823,Mb2823,unknown
Mb2825c,Mb2825c,unknown
Mb2827c,Mb2827c,unknown
Mb2828,Mb2828,unknown
Mb2830,Mb2830,unknown
Mb2838c,Mb2838c,unknown
Mb2834,Mb2834,unknown
Mb2837,Mb2837,unknown
Mb2840c,Mb2840c,unknown
Mb2841c,Mb2841c,unknown
Mb2842c,Mb2842c,unknown
Mb2843c,Mb2843c,unknown
Mb1983c,Mb1983c,unknown
Mb2847c,Mb2847c,unknown
Mb2848c,Mb2848c,unknown
Mb2969,Mb2969,unknown
Mb2849c,Mb2849c,unknown
Mb2850c,Mb2850c,unknown
Mb2851c,Mb2851c,unknown
Mb2852c,Mb2852c,unknown
Mb2852A,Mb2852A,unknown
Mb2865c,Mb2865c,unknown
Mb2862c,Mb2862c,unknown
Mb2884c,Mb2884c,unknown
Mb2867c,Mb2867c,unknown
Mb2868,Mb2868,unknown
Mb2869,Mb2869,unknown
Mb3053c,Mb3053c,unknown
Mb2875c,Mb2875c,unknown
Mb2876c,Mb2876c,unknown
Mb2882c,Mb2882c,unknown
Mb2879,Mb2879,unknown
Mb2911,Mb2911,unknown
Mb2922c,Mb2922c,unknown
Mb2889c,Mb2889c,unknown
Mb2887c,Mb2887c,unknown
Mb2901,Mb2901,unknown
Mb2902c,Mb2902c,unknown
Mb2904c,Mb2904c,unknown
Mb2915,Mb2915,unknown
Mb2908,Mb2908,unknown
Mb2909c,Mb2909c,unknown
Mb2917,Mb2917,unknown
Mb2920c,Mb2920c,unknown
Mb2921c,Mb2921c,unknown
Mb3061,Mb3061,unknown
Mb2937c,Mb2937c,unknown
Mb3312,Mb3312,unknown
Mb2954,Mb2954,unknown
Mb2932c,Mb2932c,unknown
Mb2934c,Mb2934c,unknown
Mb2936c,Mb2936c,unknown
Mb3118,Mb3118,unknown
Mb2939c,Mb2939c,unknown
Mb2941,Mb2941,unknown
Mb2948c,Mb2948c,unknown
Mb2951c,Mb2951c,unknown
Mb2952c,Mb2952c,unknown
Mb3404,Mb3404,unknown
Mb2975c,Mb2975c,unknown
Mb3038,Mb3038,unknown
Mb2976,Mb2976,unknown
Mb3125c,Mb3125c,unknown
Mb2977,Mb2977,unknown
Mb2978c,Mb2978c,unknown
Mb3378c,Mb3378c,unknown
Mb2979c,Mb2979c,unknown
Mb2980,Mb2980,unknown
Mb2981,Mb2981,unknown
Mb3004,Mb3004,unknown
Mb2982c,Mb2982c,unknown
Mb2983c,Mb2983c,unknown
Mb2984c,Mb2984c,unknown
Mb2985,Mb2985,unknown
Mb2986c,Mb2986c,unknown
Mb2987,Mb2987,unknown
Mb3003c,Mb3003c,unknown
Mb2990c,Mb2990c,unknown
Mb2992c,Mb2992c,unknown
Mb2993c,Mb2993c,unknown
Mb3869,Mb3869,unknown
Mb2997c,Mb2997c,unknown
Mb2999c,Mb2999c,unknown
Mb3130c,Mb3130c,unknown
Mb3002c,Mb3002c,unknown
Mb3007,Mb3007,unknown
Mb3013,Mb3013,unknown
Mb3023c,Mb3023c,unknown
Mb3017c,Mb3017c,unknown
Mb3015,Mb3015,unknown
Mb3021,Mb3021,unknown
Mb3022,Mb3022,unknown
Mb3030c,Mb3030c,unknown
Mb3025,Mb3025,unknown
Mb3063c,Mb3063c,unknown
Mb3032c,Mb3032c,unknown
Mb3126c,Mb3126c,unknown
Mb3117,Mb3117,unknown
Mb3040c,Mb3040c,unknown
Mb3049c,Mb3049c,unknown
Mb3056,Mb3056,unknown
Mb3052c,Mb3052c,unknown
Mb3145,Mb3145,unknown
Mb3146,Mb3146,unknown
Mb3388c,Mb3388c,unknown
Mb3094,Mb3094,unknown
Mb3057,Mb3057,unknown
Mb3066c,Mb3066c,unknown
Mb3058,Mb3058,unknown
Mb3058A,Mb3058A,unknown
Mb3059,Mb3059,unknown
Mb3018,Mb3018,unknown
Mb3060c,Mb3060c,unknown
Mb3064c,Mb3064c,unknown
Mb3081,Mb3081,unknown
Mb3067c,Mb3067c,unknown
Mb3072c,Mb3072c,unknown
Mb3073c,Mb3073c,unknown
Mb3122,Mb3122,unknown
Mb3075c,Mb3075c,unknown
Mb3076c,Mb3076c,unknown
Mb3366c,Mb3366c,unknown
Mb3080c,Mb3080c,unknown
Mb3083c,Mb3083c,unknown
Mb3084c,Mb3084c,unknown
Mb3086c,Mb3086c,unknown
Mb3091c,Mb3091c,unknown
Mb3093,Mb3093,unknown
Mb3096,Mb3096,unknown
Mb3097,Mb3097,unknown
Mb3098,Mb3098,unknown
Mb3104,Mb3104,unknown
Mb3100c,Mb3100c,unknown
Mb3101,Mb3101,unknown
Mb3102c,Mb3102c,unknown
Mb3106c,Mb3106c,unknown
Mb3120c,Mb3120c,unknown
Mb3387c,Mb3387c,unknown
Mb3108,Mb3108,unknown
Mb3110,Mb3110,unknown
Mb3112,Mb3112,unknown
Mb3114,Mb3114,unknown
Mb1243,Mb1243,unknown
Mb3119c,Mb3119c,unknown
Mb3152c,Mb3152c,unknown
Mb3121c,Mb3121c,unknown
Mb3123,Mb3123,unknown
Mb3166c,Mb3166c,unknown
Mb3153,Mb3153,unknown
Mb3131c,Mb3131c,unknown
Mb3151c,Mb3151c,unknown
Mb3167,Mb3167,unknown
Mb3206c,Mb3206c,unknown
Mb3140,Mb3140,unknown
Mb3141,Mb3141,unknown
Mb3150,Mb3150,unknown
Mb3155,Mb3155,unknown
Mb3428,Mb3428,unknown
Mb3158c,Mb3158c,unknown
Mb3161,Mb3161,unknown
Mb3212c,Mb3212c,unknown
Mb3207c,Mb3207c,unknown
Mb3194,Mb3194,unknown
Mb3208,Mb3208,unknown
Mb3212A,Mb3212A,unknown
Mb3559c,Mb3559c,unknown
Mb3236c,Mb3236c,unknown
Mb3185c,Mb3185c,unknown
Mb3186c,Mb3186c,unknown
Mb3187c,Mb3187c,unknown
Mb3253,Mb3253,unknown
Mb3188c,Mb3188c,unknown
Mb3213c,Mb3213c,unknown
Mb3190c,Mb3190c,unknown
Mb3191c,Mb3191c,unknown
Mb3192c,Mb3192c,unknown
Mb3193,Mb3193,unknown
Mb3381,Mb3381,unknown
Mb3198c,Mb3198c,unknown
Mb3199,Mb3199,unknown
Mb3214,Mb3214,unknown
Mb3200,Mb3200,unknown
Mb3225c,Mb3225c,unknown
Mb3215c,Mb3215c,unknown
Mb3496,Mb3496,unknown
Mb3203,Mb3203,unknown
Mb3204,Mb3204,unknown
Mb3205,Mb3205,unknown
Mb3209,Mb3209,unknown
Mb3210,Mb3210,unknown
Mb3211,Mb3211,unknown
Mb3232c,Mb3232c,unknown
Mb3216c,Mb3216c,unknown
Mb3217,Mb3217,unknown
Mb3218,Mb3218,unknown
Mb3220,Mb3220,unknown
Mb3223,Mb3223,unknown
Mb3226c,Mb3226c,unknown
Mb3227c,Mb3227c,unknown
Mb3229,Mb3229,unknown
Mb3233,Mb3233,unknown
Mb3235,Mb3235,unknown
Mb3238,Mb3238,unknown
Mb3239c,Mb3239c,unknown
Mb3341c,Mb3341c,unknown
Mb3242,Mb3242,unknown
Mb3243c,Mb3243c,unknown
Mb3244,Mb3244,unknown
IS1561',IS1561',unknown
Mb3246c,Mb3246c,unknown
Mb3873c,Mb3873c,unknown
Mb3249c,Mb3249c,unknown
Mb3251,Mb3251,unknown
Mb3252,Mb3252,unknown
Mb3254c,Mb3254c,unknown
Mb3287,Mb3287,unknown
Mb3255c,Mb3255c,unknown
Mb3433,Mb3433,unknown
Mb3257,Mb3257,unknown
Mb3259c,Mb3259c,unknown
Mb3260c,Mb3260c,unknown
Mb3264c,Mb3264c,unknown
Mb3390c,Mb3390c,unknown
Mb3265c,Mb3265c,unknown
Mb3266c,Mb3266c,unknown
Mb3267c,Mb3267c,unknown
Mb3359c,Mb3359c,unknown
Mb3269c,Mb3269c,unknown
Mb3270c,Mb3270c,unknown
Mb3434,Mb3434,unknown
Mb3277c,Mb3277c,unknown
Mb3282,Mb3282,unknown
Mb2261A,Mb2261A,unknown
Mb3281c,Mb3281c,unknown
Mb3284c,Mb3284c,unknown
Mb3296,Mb3296,unknown
IS1540-2,IS1540-2,unknown
Mb3286c,Mb3286c,unknown
Mb3389,Mb3389,unknown
Mb3716,Mb3716,unknown
Mb3291,Mb3291,unknown
Mb3299c,Mb3299c,unknown
Mb3295,Mb3295,unknown
Mb3297,Mb3297,unknown
Mb3300,Mb3300,unknown
Mb3301,Mb3301,unknown
Mb3332,Mb3332,unknown
Mb3305,Mb3305,unknown
Mb3306c,Mb3306c,unknown
Mb3310,Mb3310,unknown
Mb3468,Mb3468,unknown
Mb3320,Mb3320,unknown
Mb3322c,Mb3322c,unknown
Mb3323,Mb3323,unknown
Mb3328c,Mb3328c,unknown
Mb3339,Mb3339,unknown
Mb3340c,Mb3340c,unknown
Mb3357,Mb3357,unknown
Mb3351c,Mb3351c,unknown
Mb3356,Mb3356,unknown
Mb3360,Mb3360,unknown
Mb3362,Mb3362,unknown
Mb3446,Mb3446,unknown
Mb3367,Mb3367,unknown
Mb3368c,Mb3368c,unknown
Mb3397c,Mb3397c,unknown
Mb3370,Mb3370,unknown
Mb3696c,Mb3696c,unknown
Mb3418,Mb3418,unknown
Mb3374,Mb3374,unknown
Mb3386c,Mb3386c,unknown
Mb3419,Mb3419,unknown
Mb3394,Mb3394,unknown
Mb3395,Mb3395,unknown
Mb3396c,Mb3396c,unknown
Mb3447c,Mb3447c,unknown
Mb3403c,Mb3403c,unknown
Mb3400c,Mb3400c,unknown
Mb3406,Mb3406,unknown
Mb3523c,Mb3523c,unknown
Mb3518,Mb3518,unknown
Mb3410,Mb3410,unknown
Mb3411c,Mb3411c,unknown
Mb3412c,Mb3412c,unknown
Mb3519,Mb3519,unknown
Mb3437c,Mb3437c,unknown
Mb3465c,Mb3465c,unknown
Mb3432,Mb3432,unknown
Mb3426c,Mb3426c,unknown
Mb3436c,Mb3436c,unknown
Mb3427c,Mb3427c,unknown
Mb3438c,Mb3438c,unknown
Mb3439c,Mb3439c,unknown
Mb3440,Mb3440,unknown
Mb3511c,Mb3511c,unknown
Mb3458c,Mb3458c,unknown
Mb3796c,Mb3796c,unknown
Mb3449c,Mb3449c,unknown
Mb3464c,Mb3464c,unknown
Mb3476c,Mb3476c,unknown
Mb3455c,Mb3455c,unknown
Mb3456c,Mb3456c,unknown
Mb3461c,Mb3461c,unknown
Mb3492,Mb3492,unknown
Mb3463c,Mb3463c,unknown
Mb3467,Mb3467,unknown
Mb3469c,Mb3469c,unknown
Mb3714,Mb3714,unknown
Mb3483,Mb3483,unknown
Mb3715,Mb3715,unknown
Mb3558c,Mb3558c,unknown
Mb3522c,Mb3522c,unknown
Mb3667,Mb3667,unknown
Mb3500c,Mb3500c,unknown
Mb3501,Mb3501,unknown
Mb3507,Mb3507,unknown
Mb3508,Mb3508,unknown
Mb3509c,Mb3509c,unknown
Mb1052,Mb1052,unknown
Mb3510c,Mb3510c,unknown
Mb3512c,Mb3512c,unknown
Mb3692c,Mb3692c,unknown
Mb3513c,Mb3513c,unknown
Mb3515c,Mb3515c,unknown
Mb3516,Mb3516,unknown
Mb3597c,Mb3597c,unknown
Mb3532c,Mb3532c,unknown
Mb3625,Mb3625,unknown
Mb3540c,Mb3540c,unknown
Mb3680c,Mb3680c,unknown
Mb3618c,Mb3618c,unknown
Mb3557,Mb3557,unknown
Mb3713c,Mb3713c,unknown
Mb3546,Mb3546,unknown
Mb3549,Mb3549,unknown
Mb3762,Mb3762,unknown
Mb3550c,Mb3550c,unknown
Mb3551,Mb3551,unknown
Mb0049c,Mb0049c,unknown
Mb3554,Mb3554,unknown
Mb3555c,Mb3555c,unknown
Mb3560c,Mb3560c,unknown
Mb3568,Mb3568,unknown
Mb3571c,Mb3571c,unknown
Mb3572c,Mb3572c,unknown
Mb3578c,Mb3578c,unknown
Mb3579c,Mb3579c,unknown
Mb3581,Mb3581,unknown
Mb3582,Mb3582,unknown
Mb3583,Mb3583,unknown
Mb3585c,Mb3585c,unknown
Mb3587c,Mb3587c,unknown
Mb3589c,Mb3589c,unknown
Mb3679c,Mb3679c,unknown
Mb3603,Mb3603,unknown
Mb3629A,Mb3629A,unknown
Mb3617,Mb3617,unknown
Mb3606c,Mb3606c,unknown
Mb3608,Mb3608,unknown
Mb3610c,Mb3610c,unknown
Mb3681c,Mb3681c,unknown
Mb3641,Mb3641,unknown
Mb3614c,Mb3614c,unknown
Mb3642c,Mb3642c,unknown
Mb3622c,Mb3622c,unknown
Mb3630c,Mb3630c,unknown
Mb3633c,Mb3633c,unknown
Mb3634c,Mb3634c,unknown
Mb3650c,Mb3650c,unknown
Mb3693,Mb3693,unknown
Mb3651c,Mb3651c,unknown
Mb3653c,Mb3653c,unknown
Mb3654,Mb3654,unknown
Mb3655,Mb3655,unknown
Mb3656,Mb3656,unknown
Mb3657,Mb3657,unknown
Mb3668c,Mb3668c,unknown
Mb3659,Mb3659,unknown
Mb3660,Mb3660,unknown
Mb3661,Mb3661,unknown
Mb1558,Mb1558,unknown
Mb3662,Mb3662,unknown
Mb3663c,Mb3663c,unknown
Mb3664c,Mb3664c,unknown
Mb3669,Mb3669,unknown
Mb3671c,Mb3671c,unknown
Mb3686c,Mb3686c,unknown
Mb2294,Mb2294,unknown
Mb3673,Mb3673,unknown
Mb3683c,Mb3683c,unknown
Mb3684c,Mb3684c,unknown
Mb3685,Mb3685,unknown
Mb3711c,Mb3711c,unknown
Mb3695c,Mb3695c,unknown
Mb3697c,Mb3697c,unknown
Mb3699,Mb3699,unknown
Mb3701c,Mb3701c,unknown
Mb3702c,Mb3702c,unknown
Mb0404c,Mb0404c,unknown
Mb3729c,Mb3729c,unknown
Mb3704,Mb3704,unknown
Mb3705,Mb3705,unknown
Mb3724,Mb3724,unknown
Mb3708,Mb3708,unknown
Mb3709,Mb3709,unknown
Mb3718,Mb3718,unknown
Mb3719c,Mb3719c,unknown
Mb3743c,Mb3743c,unknown
Mb3759,Mb3759,unknown
Mb3720,Mb3720,unknown
Mb3745c,Mb3745c,unknown
Mb3807c,Mb3807c,unknown
Mb3725,Mb3725,unknown
Mb3808,Mb3808,unknown
Mb3726c,Mb3726c,unknown
Mb3727c,Mb3727c,unknown
Mb3728c,Mb3728c,unknown
Mb3731c,Mb3731c,unknown
Mb3732c,Mb3732c,unknown
Mb3734c,Mb3734c,unknown
Mb3760c,Mb3760c,unknown
Mb3747,Mb3747,unknown
Mb3744,Mb3744,unknown
Mb3739,Mb3739,unknown
Mb3771c,Mb3771c,unknown
Mb3741c,Mb3741c,unknown
Mb3746,Mb3746,unknown
Mb3753,Mb3753,unknown
Mb3749c,Mb3749c,unknown
Mb3750,Mb3750,unknown
Mb3752,Mb3752,unknown
Mb2446,Mb2446,unknown
Mb3754,Mb3754,unknown
Mb3755,Mb3755,unknown
Mb3756,Mb3756,unknown
Mb3757c,Mb3757c,unknown
Mb3776c,Mb3776c,unknown
Mb3763,Mb3763,unknown
Mb3764,Mb3764,unknown
Mb3766c,Mb3766c,unknown
Mb3777,Mb3777,unknown
Mb3779c,Mb3779c,unknown
Mb3767c,Mb3767c,unknown
Mb3768c,Mb3768c,unknown
Mb3775c,Mb3775c,unknown
Mb3786,Mb3786,unknown
Mb3778c,Mb3778c,unknown
Mb3793c,Mb3793c,unknown
Mb3781c,Mb3781c,unknown
Mb3795,Mb3795,unknown
Mb3802c,Mb3802c,unknown
Mb3799c,Mb3799c,unknown
Mb3788c,Mb3788c,unknown
Mb3792,Mb3792,unknown
Mb3014c,Mb3014c,unknown
Mb3801c,Mb3801c,unknown
Mb3832c,Mb3832c,unknown
Mb3805,Mb3805,unknown
Mb3806,Mb3806,unknown
Mb3947c,Mb3947c,unknown
Mb3809,Mb3809,unknown
Mb3816c,Mb3816c,unknown
Mb3844c,Mb3844c,unknown
Mb3814,Mb3814,unknown
Mb3815c,Mb3815c,unknown
Mb3817,Mb3817,unknown
Mb3867c,Mb3867c,unknown
Mb3865,Mb3865,unknown
Mb3862c,Mb3862c,unknown
Mb3827,Mb3827,unknown
Mb3828,Mb3828,unknown
Mb3845c,Mb3845c,unknown
Mb3837c,Mb3837c,unknown
Mb3851,Mb3851,unknown
Mb3841,Mb3841,unknown
Mb3843c,Mb3843c,unknown
Mb3880,Mb3880,unknown
Mb3846c,Mb3846c,unknown
Mb3847,Mb3847,unknown
Mb3848,Mb3848,unknown
Mb3852,Mb3852,unknown
Mb3857c,Mb3857c,unknown
Mb3858c,Mb3858c,unknown
Mb3859c,Mb3859c,unknown
Mb3877,Mb3877,unknown
Mb3860c,Mb3860c,unknown
Mb3863,Mb3863,unknown
Mb3881,Mb3881,unknown
Mb3866,Mb3866,unknown
Mb3870,Mb3870,unknown
Mb3874,Mb3874,unknown
Mb3561c,Mb3561c,unknown
Mb3878,Mb3878,unknown
Mb3886c,Mb3886c,unknown
Mb3887c,Mb3887c,unknown
Mb3890,Mb3890,unknown
Mb3893,Mb3893,unknown
Mb3926c,Mb3926c,unknown
Mb3861,Mb3861,unknown
Mb3927c,Mb3927c,unknown
Mb3928c,Mb3928c,unknown
Mb3929c,Mb3929c,unknown
Mb3930c,Mb3930c,unknown
Mb3933c,Mb3933c,unknown
Mb3936c,Mb3936c,unknown
Mb3939,Mb3939,unknown
Mb3946,Mb3946,unknown
Mb3951c,Mb3951c,unknown
Mb3875,Mb3875,unknown
Mb3932c,Mb3932c,unknown
Mb3952c,Mb3952c,unknown
Mb3953c,Mb3953c,unknown
Mb2292c,Mb2292c,unknown
Mb1165,Mb1165,unknown
Mb3317c,Mb3317c,unknown
Mb1641,Mb1641,unknown
Mb0081c,Mb0081c,unknown
Mb0207c,Mb0207c,unknown
Mb1847,Mb1847,unknown
Mb1905,Mb1905,unknown
Mb3470c,Mb3470c,unknown
Mb3521,Mb3521,unknown
Mb1077c,Mb1077c,unknown
Mb3033,Mb3033,unknown
Mb0225,Mb0225,unknown
Mb0282,Mb0282,unknown
Mb0388c,Mb0388c,unknown
Mb0050,Mb0050,unknown
Mb0078c,Mb0078c,unknown
Mb0133,Mb0133,unknown
Mb0771c,Mb0771c,unknown
Mb2158c,Mb2158c,unknown
Mb0772,Mb0772,unknown
Mb2277,Mb2277,unknown
Mb1617,Mb1617,unknown
Mb1623,Mb1623,unknown
Mb1924,Mb1924,unknown
Mb0256c,Mb0256c,unknown
Mb1559c,Mb1559c,unknown
Mb1624c,Mb1624c,unknown
Mb2396,Mb2396,unknown
Mb1116A,Mb1116A,unknown
Mb0473c,Mb0473c,unknown
Mb1281c,Mb1281c,unknown
Mb1323c,Mb1323c,unknown
Mb1979c,Mb1979c,unknown
Mb0264c,Mb0264c,unknown
Mb1654c,Mb1654c,unknown
Mb2016c,Mb2016c,unknown
Mb0263,Mb0263,unknown
Mb0859c,Mb0859c,unknown
Mb1300c,Mb1300c,unknown
Mb2208c,Mb2208c,unknown
Mb0914c,Mb0914c,unknown
Mb3797c,Mb3797c,unknown
Mb0922c,Mb0922c,unknown
Mb2839c,Mb2839c,unknown
Mb1078,Mb1078,unknown
Mb0973c,Mb0973c,unknown
Mb3495,Mb3495,unknown
Mb0886,Mb0886,unknown
Mb0151,Mb0151,unknown
Mb0393,Mb0393,unknown
Mb1932c,Mb1932c,unknown
Mb1474c,Mb1474c,unknown
Mb1168,Mb1168,unknown
Mb0480c,Mb0480c,unknown
Mb0481c,Mb0481c,unknown
Mb0512A,Mb0512A,unknown
Mb1705,Mb1705,unknown
Mb0031,Mb0031,unknown
Mb2683c,Mb2683c,unknown
Mb2628,Mb2628,unknown
Mb0487,Mb0487,unknown
Mb0150,Mb0150,unknown
Mb0531,Mb0531,unknown
Mb3103,Mb3103,unknown
Mb1167,Mb1167,unknown
Mb0030,Mb0030,unknown
Mb1840,Mb1840,unknown
Mb0077,Mb0077,unknown
Mb0196,Mb0196,unknown
thrT,thrT,unknown
thrV,thrV,unknown
Mb1260,lpqX,unknown
Mb0870,lpqS,unknown
Mb1576,fadD11,unknown
proT,proT,unknown
Mb2701c,dxs1,unknown
Mb2891,relg,unknown
Mb3041,lpqA,unknown
Mb3044c,PE27A,unknown
alaU,alaU,unknown
proY,proY,unknown
serU,serU,unknown
Mb0001,dnaA,unknown
Mb0002,dnaN,unknown
Mb0005,gyrB,unknown
argU,argU,unknown
Mb0006,gyrA,unknown
Mb3825,Mb3825,unknown
ileT,ileT,unknown
Mb0015c,pknA,unknown
Mb0009,ppiA,unknown
Mb0054,rpsF,unknown
Mb0057,rplI,unknown
Mb0013,trpG,unknown
Mb0014c,pknB,unknown
Mb3955c,rpmH,unknown
Mb0016c,pbpA,unknown
Mb0017c,rodA,unknown
Mb1884,ureD,unknown
Mb0018c,pstp,unknown
Mb0019c,fhab,unknown
Mb0020c,fhaa,unknown
Mb0034,acpA,unknown
Mb0056,rpsR1,unknown
Mb0033,bioF2,unknown
Mb0036,fadD34,unknown
Mb2072,lppI,unknown
Mb0041c,mtc28,unknown
Mb0055,ssb,unknown
Mb0042,leuS,unknown
Mb0118,gmhb,unknown
Mb3954c,rnpA,unknown
Mb0047c,ino1,unknown
Mb0051,ponA1,unknown
Mb0059,dnaB,unknown
Mb0065A,vapB1,unknown
Mb0066,vapc1,unknown
Mb0067c,icd2,unknown
Mb0070c,sdaA,unknown
Mb0071c,glyA2,unknown
Mb0087,hycD,unknown
Mb0088,hycP,unknown
Mb0089,hycQ,unknown
Mb0090,hycE,unknown
Mb0094,mtn,unknown
Mb0095,ctpA,unknown
Mb0099,PPE1,unknown
Mb0101,fcot,unknown
Mb0102,fadD10,unknown
Mb0139-1,ephf,unknown
Mb0139-2,ephf,unknown
Mb0104,nrp,unknown
Mb0106c,ctpB,unknown
Mb0108c,rpmB1,unknown
Mb0111c,ctpI,unknown
Mb0139-4,ephf,unknown
Mb0113,PE_PGRS1,unknown
Mb0116,gca,unknown
Mb0119,hdda,unknown
Mb0120c,ldta,unknown
Mb0121,oxyS,unknown
Mb0122c,oxcA,unknown
Mb1632,hisI,unknown
Mb0123,fadD7,unknown
Mb0131,treS,unknown
Mb0132,mak,unknown
Mb0124c,fusA2b,unknown
Mb0174,yrbE1B,unknown
Mb0136c,fadE1,unknown
Mb0125c,fusA2a,unknown
Mb0129,PE_PGRS2,unknown
Mb0130,pepA,unknown
Mb0134c,fbpC,unknown
Mb0135,htdz,unknown
Mb0137c,fgd2,unknown
Mb0141,cyp138,unknown
Mb0142c,msrA,unknown
Mb0185c,lprO,unknown
Mb0156c,PE1,unknown
Mb0157c,PE2,unknown
Mb0158c,ptbB,unknown
Mb0159c,fadE2,unknown
Mb0160,pntAa,unknown
Mb0161,pntAb,unknown
Mb0162,pntB,unknown
Mb0164c,PE3,unknown
Mb0165c,PE4,unknown
MbXXXXc,Mb0186c,unknown
Mb0167c,adhE1,unknown
Mb0173,yrbE1A,unknown
Mb0170c,mce1R,unknown
Mb0171c,mce1r,unknown
Mb0172,fadD5,unknown
Mb0175,mce1A,unknown
Mb0176,mce1B,unknown
Mb0177,mce1C,unknown
Mb0178,mce1D,unknown
Mb0179,lprK,unknown
Mb0180,mce1F,unknown
Mb0188c,sigG,unknown
Mb0192,bglS,unknown
Mb0192A,mymT,unknown
Mb0195c,ilvD,unknown
Mb0204c,zmp1,unknown
Mb0208c,mmpL11,unknown
Mb0212c,mmpL3,unknown
Mb0217,pckA,unknown
Mb0218c,nadR,unknown
Mb0226,lipC,unknown
Mb0243,lpqI,unknown
Mb0220,fadD4,unknown
Mb0221c,fadE3,unknown
Mb0223c,lipW,unknown
Mb0245,vapb24,unknown
Mb0235c,php,unknown
Mb0236,fadE4,unknown
Mb0238,nrdB,unknown
Mb0239c,gabD1,unknown
Mb0241c,aftd,unknown
Mb0624,vapb28,unknown
Mb0247c,htdx,unknown
Mb0242c,Mb0242c,unknown
Mb0248c,fabG4,unknown
Mb0249,fadA2,unknown
Mb0250c,fadE5,unknown
Mb0257c,hsp,unknown
Mb0258,nirB,unknown
Mb0259,nirD,unknown
Mb0260c,cobU,unknown
Mb0261c,cobQ1,unknown
Mb0262c,PPE2,unknown
Mb0267c,narK3,unknown
Mb0268c,aac,unknown
Mb0296,esxH,unknown
Mb0272c,oplA,unknown
Mb0273,narU,unknown
Mb0297,espg3,unknown
Mb0276,fadD2,unknown
Mb0277c,fadE6,unknown
Mb0284c,PE_PGRS3b,unknown
Mb0285c,PE_PGRS3a,unknown
glyU,glyU,unknown
Mb0987c,lprP,unknown
Mb0286c,PE_PGRS3,unknown
Mb0287c,PE_PGRS4,unknown
Mb0288,PPE3,unknown
Mb0290,ecca3,unknown
Mb0325c,glpQ2,unknown
Mb1997c,vapc35,unknown
Mb0291,eccb3,unknown
Mb0292,eccc3,unknown
Mb0293,PE5,unknown
Mb0294,PPE4,unknown
Mb0295,esxG,unknown
Mb0298,eccd3,unknown
Mb0299,mycp3,unknown
Mb0300,ecce3,unknown
Mb0302,tam,unknown
Mb0305,PE_PGRS5,unknown
Mb0313c,PPE6,unknown
Mb0330,udgA,unknown
Mb0327,pcp,unknown
Mb0351c,lpqJ,unknown
Mb0329,dcd,unknown
Mb0334c,cyp135A1,unknown
Mb0341,rmlA,unknown
Mb0344c,aspC,unknown
Mb0940c,PE7,unknown
Mb0348,iniB,unknown
Mb0349,iniA,unknown
Mb0350,iniC,unknown
Mb0354c,ansP2,unknown
Mb0358,dnaK,unknown
Mb0359,grpE,unknown
Mb0360,dnaJ1,unknown
Mb0361,hspR,unknown
Mb0362c,PPE8,unknown
Mb0364c,purA,unknown
Mb0369,mgtE,unknown
Mb0370c,fba,unknown
Mb0421,mutT3,unknown
Mb0386,secE2,unknown
Mb0389c,pyrE,unknown
Mb0391c,clpB,unknown
Mb0424,thiS,unknown
Mb0394c,PPE9,unknown
Mb0395,purT,unknown
Mb0397,metZ,unknown
Mb0398c,ndhA,unknown
Mb0405c,lpqK,unknown
Mb0406c,fadE7,unknown
Mb0408c,mmpL1b,unknown
Mb0409c,mmpL1a,unknown
Mb0410c,mmpS1,unknown
Mb0411,fadD30,unknown
Mb0412,pks6a,unknown
Mb0413,pks6b,unknown
Mb0415,fgd1,unknown
Mb0416,pta,unknown
Mb0417,ackA,unknown
Mb0423,thiO,unknown
Mb0418c,pknG,unknown
Mb0419c,glnH,unknown
Mb0422c,thiE,unknown
Mb0425,thiG,unknown
Mb0426,lpqL,unknown
Mb0427,lpqM,unknown
Mb0435c,xthA,unknown
Mb0430c,thiD,unknown
Mb0431c,thiC,unknown
Mb0433c,ctpH,unknown
Mb0437c,def,unknown
Mb0440,sodC,unknown
Mb0444c,pssA,unknown
Mb0445c,psd,unknown
Mb0452c,rska,unknown
Mb0446c,moeA2,unknown
Mb0448,groEL2,unknown
Mb0450c,PPE10,unknown
Mb0453c,sigK,unknown
Mb0455c,ufaA1,unknown
Mb0458c,mmpL4,unknown
Mb0459c,mmpS4,unknown
Mb0461,PPE11,unknown
Mb0464c,echA2,unknown
Mb0564c,vapc3,unknown
Mb0471,lpd,unknown
Mb0476,icl,unknown
Mb0477,fadB2,unknown
Mb0478,umaA1,unknown
Mb0479c,pcaA,unknown
Mb0485,hbhA,unknown
Mb0488,deoC,unknown
Mb0515c,cmaA2,unknown
Mb0492,murB,unknown
Mb0493,lprQ,unknown
Mb0496,msha,unknown
Mb0499,gpm1,unknown
Mb0500,senX3,unknown
Mb0501,regX3,unknown
Mb1330,rpmE,unknown
Mb0542,ccsA,unknown
Mb0511,proC,unknown
Mb0565c,vapb3,unknown
Mb0513,galE2,unknown
Mb0517c,serB1,unknown
Mb0518,mmpS2,unknown
Mb0570,menD,unknown
Mb0519,mmpL2,unknown
Mb0521,hemA,unknown
Mb0523,hemC,unknown
Mb0524,hemD,unknown
Mb0525,hemB,unknown
Mb0535,gabP,unknown
Mb0537,hemL,unknown
Mb0540,ccdA,unknown
Mb0545,PE_PGRS6a,unknown
Mb0546,PE_PGRS6b,unknown
Mb0660,rplA,unknown
Mb0547c,fabH,unknown
Mb0548c,menA,unknown
Mb0549,pnp,unknown
Mb0675c,vapc6,unknown
Mb0550,galE3,unknown
Mb0556c,menE,unknown
Mb0559c,pitA,unknown
Mb0572,mgta,unknown
Mb0562c,menB,unknown
Mb0563c,vapc3,unknown
Mb0608,mce2Db,unknown
Mb0566c,fadD8,unknown
Mb0568,menC,unknown
Mb0569,bpoC,unknown
Mb0573,menH,unknown
Mb0683,vapb8,unknown
Mb0577,grcC1,unknown
Mb0578,htpX,unknown
Mb0579c,gpdA1,unknown
Mb0684,vapc8,unknown
tyrT,tyrT,unknown
Mb0696c,mmpS5,unknown
Mb0625,vapc28,unknown
Mb0583,cyp135B1,unknown
Mb0585,nrdZ,unknown
Mb0598c,lpqN,unknown
Mb0588c,pncb2,unknown
Mb0592,TB27.3,unknown
Mb0601,mce2r,unknown
Mb0593c,PE_PGRS7,unknown
Mb0596,vapb26,unknown
Mb0597,vapc26,unknown
Mb0602,yrbE2A,unknown
Mb0603,yrbE2B,unknown
Mb0604,mce2A,unknown
Mb0605,mce2B,unknown
Mb0606,mce2C,unknown
Mb0607,mce2Da,unknown
Mb0609,lprL,unknown
Mb0610,mce2F,unknown
Mb0611c,vapc4,unknown
Mb0612c,vapb4,unknown
Mb0614c,vapc27,unknown
Mb0615c,vapb27,unknown
Mb0618c,tcrA,unknown
Mb0620,lpqO,unknown
Mb0635,galT,unknown
Mb0680c,vapc7,unknown
Mb0636,galK,unknown
Mb0639,vapb30,unknown
Mb0640,vapc30,unknown
Mb0681c,vapb7,unknown
Mb0645c,recD,unknown
Mb0646c,recBb,unknown
Mb0647c,recBa,unknown
Mb0648c,recC,unknown
Mb0726,rplV,unknown
Mb0649c,echA3,unknown
metT,metT,unknown
Mb0653,rpmG2,unknown
Mb0654,hada,unknown
Mb0655,hadb,unknown
Mb0656,hadc,unknown
Mb0657,secE1,unknown
Mb0658,nusG,unknown
Mb0659,rplK,unknown
Mb0661c,mmaA4,unknown
Mb0662c,mmaA3,unknown
Mb0663c,mmaA2,unknown
Mb0664c,mmaA1,unknown
Mb0665c,lipG,unknown
Mb0668,fabD2,unknown
Mb0670,rplJ,unknown
Mb0671,rplL,unknown
Mb0674,mkl,unknown
Mb0676c,vapb6,unknown
Mb0678c,mazf2,unknown
Mb0679c,maze2,unknown
Mb0682,atsD,unknown
Mb0686,rpoB,unknown
Mb0687,rpoC,unknown
Mb0689,end,unknown
Mb0690,lpqP,unknown
Mb0691,fadE8,unknown
Mb0692,echA4,unknown
Mb0694,echA5,unknown
Mb0702,rpsG,unknown
Mb0695c,mmpL5,unknown
Mb0701,rpsL,unknown
Mb0703,fusA1,unknown
Mb0704,tuf,unknown
Mb0712,pqqE,unknown
Mb0713,lldD1,unknown
Mb0731,atsAa,unknown
Mb0720,rpsJ,unknown
Mb0721,rplC,unknown
Mb0722,rplD,unknown
Mb0723,rplW,unknown
Mb0738,rpsN1,unknown
Mb0724,rplB,unknown
Mb0725,rpsS,unknown
Mb0727,rpsC,unknown
Mb0728,rplP,unknown
Mb0729,rpmC,unknown
Mb0730,rpsQ,unknown
Mb0732,atsAb,unknown
Mb0735,rplN,unknown
Mb0741,rplR,unknown
Mb0736,rplX,unknown
Mb0737,rplE,unknown
Mb0739,rpsH,unknown
Mb0740,rplF,unknown
Mb0742,rpsE,unknown
Mb0743,rpmD,unknown
Mb0744,rplO,unknown
Mb0745,sppA,unknown
Mb0748c,fucA,unknown
Mb0749c,serA2,unknown
Mb0750,xylB,unknown
Mb1369,mec,unknown
Mb0753,secY,unknown
Mb0754,adk,unknown
Mb0755,mapA,unknown
Mb0756,sigL,unknown
Mb0757,rsla,unknown
Mb0763,PE_PGRS8,unknown
Mb0767,PE_PGRS9,unknown
Mb0768,PE_PGRS10,unknown
Mb0773c,mmsB,unknown
Mb0774c,fadE9,unknown
Mb0775c,mmsA,unknown
Mb0781,phoR,unknown
Mb0776,PE_PGRS11,unknown
Mb0777c,PPE12,unknown
Mb1370,cyso,unknown
Mb0780,phoP,unknown
Mb0784c,adhB,unknown
Mb0787c,cyp51,unknown
Mb0789c,cyp123,unknown
Mb0791,aldA,unknown
Mb0795,purD,unknown
Mb0796c,ggtA,unknown
Mb0821c,cfp29,unknown
Mb0800,purB,unknown
Mb0801,cyp126,unknown
Mb0803,purC,unknown
Mb0804,ptrB,unknown
Mb0812,purQ,unknown
aspT,aspT,unknown
pheU,pheU,unknown
Mb0805c,emrB,unknown
Mb0823,pepC,unknown
Mb0826,purL,unknown
Mb0829c,cpsY,unknown
Mb0831,purF,unknown
Mb0832,purM,unknown
Mb0837c,sseC2,unknown
Mb0838c,cysA2,unknown
Mb0839c,thiX,unknown
Mb1143,vapb32,unknown
Mb0842,mshd,unknown
Mb0843,phoT,unknown
Mb0844c,phoY2,unknown
Mb1587,vapc11,unknown
Mb0847c,desA1,unknown
Mb0855,PE_PGRS12,unknown
Mb0850c,kmtr,unknown
lysT,lysT,unknown
gluT,gluT,unknown
Mb0856,PE_PGRS13,unknown
Mb0857c,PE_PGRS14,unknown
Mb0858,lpqQ,unknown
Mb0861,lpqR,unknown
Mb0863c,pip,unknown
Mb0867c,narL,unknown
Mb0871,cysK2,unknown
Mb0875,fadD16,unknown
Mb0876c,pdc,unknown
Mb0878,far,unknown
Mb0881c,dapc,unknown
Mb0882,fadA,unknown
Mb0883,fadB,unknown
Mb0884c,ercc3,unknown
Mb0888,moaC2,unknown
Mb0889,mog,unknown
Mb0890,moaE2,unknown
Mb0891c,rpfA,unknown
Mb0892c,moaD2,unknown
Mb0893c,moaA2,unknown
Mb0895,cspB,unknown
Mb0896c,PE_PGRS15,unknown
Mb0897,fadE10,unknown
Mb0902c,PPE13,unknown
Mb0908c,serC,unknown
Mb1144,vapc32,unknown
Mb0910,fprB,unknown
Mb0913c,citA,unknown
Mb1870c,vapb13,unknown
Mb0920,gltA2,unknown
Mb0923,ompA,unknown
Mb1118,PE10,unknown
Mb0926c,prrB,unknown
Mb0927c,prrA,unknown
Mb1146,Mb1146,unknown
Mb0928c,accD3,unknown
Mb0929,echA6,unknown
Mb0932,ctpE,unknown
argT,argT,unknown
Mb0939c,PPE14,unknown
Mb0941,betP,unknown
Mb0948c,mntH,unknown
Mb0951,pstS3,unknown
Mb0952,pstC2,unknown
Mb0953,pstA1,unknown
Mb0954c,pknDb,unknown
Mb0955c,pknDa,unknown
Mb0960,pstC1,unknown
Mb0956c,pstS2,unknown
Mb0957,pstBa,unknown
Mb0958,pstBb,unknown
Mb0959,pstS1,unknown
Mb0961,pstA2,unknown
Mb0962c,mku,unknown
Mb0963,ligd,unknown
alaV,alaV,unknown
Mb0981,purN,unknown
Mb0971c,pgi,unknown
Mb0974,uvrD1,unknown
Mb0982,purH,unknown
Mb0976,sucC,unknown
Mb0977,sucD,unknown
Mb0984A,vapB9,unknown
Mb0985,vapc9,unknown
Mb0992,csor,unknown
Mb0994,ctpV,unknown
Mb0996c,echA7,unknown
Mb0997c,fadE12,unknown
Mb0998c,accA2,unknown
Mb0999c,accD2,unknown
Mb1000c,fadE13,unknown
Mb1119,celA2a,unknown
Mb1055c,kdpE,unknown
Mb1007,mprA,unknown
Mb1002,PE_PGRS16,unknown
Mb1003c,PE_PGRS17,unknown
Mb1005,rpmF,unknown
Mb1006c,PE_PGRS18,unknown
Mb1008,mprB,unknown
Mb1009,pepd,unknown
Mb1010,moaB2,unknown
Mb1011c,mscL,unknown
Mb1022,rimJ,unknown
Mb1028,arcA,unknown
Mb1016c,grcC2,unknown
Mb1020,galU,unknown
Mb1021,moeA1,unknown
Mb1042c,pth,unknown
Mb1032c,pabB,unknown
Mb1034c,metS,unknown
Mb1035,tatD,unknown
Mb1036,rpfB,unknown
Mb1037,ksgA,unknown
Mb1038,ispE,unknown
Mb1041,pks16,unknown
Mb1043c,rplY,unknown
Mb1044c,lpqT,unknown
Mb1045c,prsA,unknown
Mb1046c,glmU,unknown
glnT,glnT,unknown
Mb1048,mfd,unknown
Mb1050,lpqU,unknown
Mb1051,eno,unknown
Mb1056c,kdpD,unknown
Mb1057,kdpF,unknown
Mb1058,kdpA,unknown
Mb1059,kdpB,unknown
Mb1060,kdpC,unknown
Mb1061c,trcS,unknown
Mb1062c,trcR,unknown
Mb1066c,esxI,unknown
Mb1067c,esxJ,unknown
Mb1068c,PPE15,unknown
Mb1069c,PE8,unknown
Mb1087,fadD14,unknown
Mb1093c,lpqV,unknown
Mb1096c,PE_PGRS19,unknown
Mb1097c,PE_PGRS20,unknown
Mb1120,celA2b,unknown
Mb1105,lipU,unknown
Mb1103c,fadA3,unknown
Mb1099c,echA8,unknown
Mb1100c,echA9,unknown
Mb1106,cbs,unknown
Mb1107,pra,unknown
Mb1117,PE9,unknown
Mb1108,metB,unknown
Mb1109c,greA,unknown
Mb1111,mca,unknown
Mb1116,PE_PGRS21,unknown
Mb1121,PE_PGRS22,unknown
Mb1122c,coaA,unknown
Mb1123,glyA1,unknown
Mb1124,desA2,unknown
Mb1125,phoH2,unknown
Mb1128c,fum,unknown
Mb1129c,glpx,unknown
Mb1132c,mazf3,unknown
Mb1133c,maze3,unknown
Mb1137c,xseB,unknown
Mb1138c,xseA,unknown
Mb1140,lytB2,unknown
Mb1978c,maze5,unknown
Mb1152,zwf1,unknown
Mb1169c,Mb1169c,unknown
Mb1153,gnd2,unknown
Mb1154c,bpoB,unknown
Mb1155,ephC,unknown
Mb1158c,ppdK,unknown
Mb1161,prpd,unknown
Mb1162,prpc,unknown
Mb1173c,echA11,unknown
Mb1164c,metE,unknown
Mb1166c,PPE16,unknown
Mb1991,higa,unknown
Mb1174c,echA10,unknown
Mb1175,mcr,unknown
Mb1997A,vapB35,unknown
Mb1177,mmpL13,unknown
Mb1184c,omt,unknown
Mb1200c,PPE17b,unknown
Mb1190,pime,unknown
Mb1192,mutT2,unknown
Mb1193,narG,unknown
Mb1194,narH,unknown
Mb1195,narJ,unknown
Mb1196,narI,unknown
Mb1197,typA,unknown
Mb1256,tatB,unknown
Mb1198,lpqW,unknown
Mb1201c,PPE17a,unknown
Mb1202c,lipx,unknown
Mb1203,mshB,unknown
Mb1206,fbiC,unknown
Mb1207c,tb8.4,unknown
Mb2030c,fdxA,unknown
Mb1208c,fadH,unknown
Mb1210,fdxC,unknown
Mb0374c,Mb0374c,unknown
Mb1213,pks3,unknown
Mb1214,papA3,unknown
Mb1215,mmpL10,unknown
Mb1217c,fadD21,unknown
Mb1219,rocA,unknown
Mb1230,esxL,unknown
Mb1379,mbtl,unknown
Mb1221,sigI,unknown
Mb1225,fadD36,unknown
Mb1227,PE13,unknown
Mb1228,PPE18,unknown
Mb1229,esxK,unknown
Mb1233c,dapd,unknown
Mb1234,dapE,unknown
Mb1273,vapb33,unknown
Mb1238,fadD6,unknown
Mb1239,folP2,unknown
Mb1240,gpgs,unknown
Mb1242,tagA,unknown
Mb1244c,glga,unknown
Mb1245,glgC,unknown
Mb1246c,PE14,unknown
Mb1253,sigE,unknown
Mb1254,rsea,unknown
Mb1255,htrA,unknown
Mb1261c,mrp,unknown
Mb2262c,ahpE,unknown
Mb1267,lpqY,unknown
Mb1268,sugA,unknown
Mb1269,sugB,unknown
Mb1270,sugC,unknown
Mb1271c,corA,unknown
Mb1272,mdh,unknown
Mb1275c,PE_PGRS23,unknown
Mb1280c,sucA,unknown
Mb1276,lpqZ,unknown
Mb1325,lysA,unknown
Mb1278c,rele,unknown
Mb1279c,relb,unknown
Mb1284c,lprE,unknown
Mb1285,deaD,unknown
Mb1990,higb,unknown
Mb1294,amiB2,unknown
Mb0527,Mb0527,unknown
Mb1297c,pknH,unknown
Mb1298c,embR,unknown
Mb1301c,lprA,unknown
Mb1305,lprB,unknown
Mb1306,lprC,unknown
Mb1373,murI,unknown
Mb1311c,oppA,unknown
Mb1312c,oppD,unknown
Mb1313c,oppC,unknown
Mb1314c,oppB,unknown
Mb1315,cana,unknown
Mb1316,cysD,unknown
leuW,leuW,unknown
Mb1317,cysN,unknown
Mb1338,atpF,unknown
Mb1324,argS,unknown
Mb1326,thrA,unknown
Mb1327,thrC,unknown
Mb1328,thrB,unknown
Mb1329,rho,unknown
Mb1331,prfA,unknown
Mb1332,hemK,unknown
Mb1334,rfe,unknown
Mb1336,atpB,unknown
Mb1337,atpE,unknown
Mb1339,atpH,unknown
Mb1340,atpA,unknown
Mb1341,atpG,unknown
Mb1342,atpD,unknown
Mb1343,atpC,unknown
Mb0652,Mb0652,unknown
Mb1348,murA,unknown
rrs,rrs,unknown
rrl,rrl,unknown
rrf,rrf,unknown
Mb1349c,ogt,unknown
Mb1358,fadA4,unknown
Mb1378c,lprD,unknown
Mb1475,secG,unknown
Mb1350c,alkAb,unknown
Mb1351c,alkAa,unknown
Mb1414,pyrR,unknown
Mb1360c,PE_PGRS24,unknown
Mb1361c,glgB,unknown
Mb1362c,glgE,unknown
Mb1363,glgP,unknown
Mb1364c,dinG,unknown
Mb1365c,pncb1,unknown
Mb1371,cysM,unknown
Mb1375,rphA,unknown
Mb1380,mbtm,unknown
Mb1381,mbtn,unknown
Mb1382c,mbtk,unknown
Mb1383,irta,unknown
Mb1384,irtb,unknown
Mb1385,fabG2,unknown
Mb1390c,moeY,unknown
Mb1396c,PPE19,unknown
Mb1400c,rsfa,unknown
Mb1403,lprF,unknown
Mb1424,gmk,unknown
Mb1434c,nlhh,unknown
Mb1415,pyrB,unknown
Mb1416,pyrC,unknown
Mb1418,carA,unknown
Mb1431c,PE_PGRS25,unknown
Mb1419,carB,unknown
Mb1420,pyrF,unknown
Mb1421,PE15,unknown
Mb1422,PPE20,unknown
Mb1426,dfp,unknown
Mb1427,metK,unknown
Mb1429c,cyp132,unknown
Mb1435c,lipI,unknown
Mb1749c,vapc12,unknown
Mb1437,priA,unknown
Mb1441,fmt,unknown
Mb1442,fmu,unknown
Mb1443,rpe,unknown
Mb1444,ribG,unknown
Mb1446c,lprG,unknown
Mb1447,ribC,unknown
Mb1750c,vapb12,unknown
Mb1450,ribA2,unknown
Mb1451,ribH,unknown
Mb1453,lprH,unknown
Mb1455,uvrC,unknown
Mb1458,whiA,unknown
Mb1461c,lipO,unknown
Mb1462c,fadD12,unknown
Mb1465,PE16,unknown
Mb1505,trxA,unknown
Mb1471,gap,unknown
Mb1472,pgk,unknown
Mb1473,tpi,unknown
Mb1476c,PE_PGRS26,unknown
Mb1477,bisC,unknown
Mb1480c,devB,unknown
Mb1481c,opcA,unknown
Mb1482c,zwf2,unknown
Mb1483c,tal,unknown
Mb1484c,tkt,unknown
Mb1485c,PE_PGRS27,unknown
Mb1486,ctaB,unknown
Mb1487c,PE_PGRS28,unknown
Mb1568c,lprI,unknown
Mb1489c,qor,unknown
Mb1499,csd,unknown
Mb1502c,fadE15,unknown
Mb1503c,PE_PGRS29,unknown
Mb1504,ctpD,unknown
Mb1506,trxB1,unknown
Mb1507,echA12,unknown
Mb1511c,acn,unknown
Mb1569c,glbN,unknown
Mb1513,ripa,unknown
Mb1563,ileS,unknown
Mb1515,moxR1,unknown
Mb1519,fabG1,unknown
Mb1520,inhA,unknown
Mb1521,hemZ,unknown
Mb1529,mutA,unknown
Mb1530,mutB,unknown
Mb1531,maze4,unknown
Mb1532,mazf4,unknown
Mb1643,pykA,unknown
Mb1597,bioD,unknown
Mb1534,lipL,unknown
Mb1588c,treZ,unknown
Mb1549c,mmpL12,unknown
Mb1586,vapb11,unknown
Mb1548,fadD25,unknown
Mb1565c,ansA,unknown
Mb1552,wbbL2,unknown
Mb1554c,pks5,unknown
Mb1555c,papA4,unknown
Mb1556,fadD24,unknown
Mb1557,adh,unknown
Mb1564,dinX,unknown
Mb1566,lspA,unknown
Mb1877c,blai,unknown
Mb1574,dnaE1,unknown
Mb1575c,PPE21,unknown
Mb1577,plsB1,unknown
Mb1578,frdA,unknown
Mb1585,ilvA,unknown
Mb1579,frdBC,unknown
Mb1580,frdD,unknown
Mb1582,mmpS6,unknown
Mb1583,mmpL6,unknown
Mb1589c,treYb,unknown
Mb1590c,treYa,unknown
Mb1591c,treX,unknown
Mb1628,hisH,unknown
Mb1595,bioA,unknown
Mb1596,bioF1,unknown
Mb1615,bioB,unknown
Mb2297c,mazf8,unknown
Mb1620,nadA,unknown
Mb1621,nadB,unknown
Mb1622,nadC,unknown
Mb1625,hisD,unknown
Mb1626,hisC1,unknown
Mb1627,hisB,unknown
Mb1629,hisA,unknown
Mb1630,impA,unknown
Mb1631,hisF,unknown
Mb1633,chaA,unknown
Mb1634c,bcpB,unknown
Mb1635,trpE,unknown
Mb1689,pks7,unknown
Mb1637,trpC,unknown
Mb1638,trpB,unknown
Mb1639,trpA,unknown
Mb1640,lgt,unknown
Mb1644,tesB1,unknown
Mb1646c,cydC,unknown
Mb1647c,cydD,unknown
Mb1702c,cmr,unknown
Mb1648c,cydB,unknown
Mb1649c,cydA,unknown
Mb1651c,cya,unknown
Mb1655,polA,unknown
Mb1656,rpsA,unknown
Mb1657,coaE,unknown
Mb1659,uvrB,unknown
Mb1662,TB15.3,unknown
Mb2297A,mazE8,unknown
Mb1673,PE17,unknown
Mb1664,uvrA,unknown
Mb1667c,lysX,unknown
Mb1668,infC,unknown
Mb1669,rpmI,unknown
Mb1670,rplT,unknown
Mb1671,tsnR,unknown
Mb1676,pheS,unknown
Mb1677,pheT,unknown
Mb1679c,PE_PGRS30,unknown
Mb1680,argC,unknown
Mb1681,argJ,unknown
Mb1682,argB,unknown
Mb1683,argD,unknown
Mb1684,argF,unknown
Mb1685,argR,unknown
Mb1686,argG,unknown
Mb1687,argH,unknown
Mb1688,pks10,unknown
Mb1690,pks8,unknown
Mb1708,moeX,unknown
Mb1691,pks17,unknown
Mb1692,pks9,unknown
Mb1693,pks11,unknown
Mb1694c,cyp139,unknown
Mb1706,fadE16,unknown
Mb2661,Mb2661,unknown
Mb1704,dsbF,unknown
Mb1714,mpg,unknown
Mb1715,tyrS,unknown
Mb1716,lprJ,unknown
Mb1720,tlyA,unknown
Mb1721,ppnK,unknown
Mb1722,recN,unknown
Mb1724,mctb,unknown
Mb1725,pyrG,unknown
Mb1730c,cycA,unknown
Mb1731c,PPE22,unknown
Mb1732c,PPE23,unknown
Mb1742,fadB3a,unknown
Mb1736,scpa,unknown
Mb1737,scpb,unknown
Mb1739,cmk,unknown
Mb1740,engA,unknown
Mb1743,fadB3b,unknown
Mb1995c,pard1,unknown
Mb2725c,Mb2725c,unknown
Mb1760,gabD2,unknown
Mb1765c,narX,unknown
Mb1766c,narK2,unknown
Mb1772,pknE,unknown
Mb1774c,idi,unknown
Mb1775,pknF,unknown
Mb1779c,fadD1,unknown
Mb1789c,wag22b,unknown
Mb1782c,PPE24,unknown
Mb1813c,cyp143,unknown
Mb1784c,plcD,unknown
Mb2017c,cmtr,unknown
Mb1787,mmpL14,unknown
Mb1788,cut1,unknown
Mb1790c,wag22a,unknown
Mb1797,PE_PGRS31,unknown
Mb1806,cyp144,unknown
Mb1810c,malQ,unknown
Mb1811,eccb5,unknown
Mb1812,eccc5,unknown
Mb1815,PPE25,unknown
Mb1817,PPE26,unknown
Mb1818,PPE27,unknown
Mb1819,PE19,unknown
Mb1820,esxM,unknown
Mb1821,esxN,unknown
Mb1829,PPE29,unknown
Mb1830,PPE30,unknown
Mb1823,eccd5,unknown
Mb1824,mycp5,unknown
Mb1825,ecce5,unknown
Mb1826,ecca5,unknown
Mb1827,lppT,unknown
Mb1828,PPE28,unknown
Mb1835,PE20,unknown
Mb1831c,PE_PGRS32b,unknown
Mb1832c,PE_PGRS32a,unknown
Mb1836,PPE31,unknown
Mb1837,PPE32,unknown
Mb1838,PPE33a,unknown
Mb1841,mgtC,unknown
Mb1844,erg3,unknown
Mb1849c,PE_PGRS33,unknown
Mb1850c,baca,unknown
Mb1851,ilvG,unknown
Mb1852,secA2,unknown
Mb1853,pgsA2,unknown
Mb1857,gcvH,unknown
Mb1858,gara,unknown
Mb1863,gcvB,unknown
Mb1880,ureB,unknown
Mb1865,lipz,unknown
Mb1890,modC,unknown
Mb1868c,glcB,unknown
Mb1869c,vapc13,unknown
Mb1871c,PE_PGRS34,unknown
Mb1881,ureC,unknown
Mb1874c,guaB1,unknown
Mb1875c,gnd1,unknown
Mb1876c,blar,unknown
Mb1879,ureA,unknown
Mb1885c,ndh,unknown
Mb1888,modA,unknown
Mb1889,modB,unknown
Mb1891,apa,unknown
Mb1893,adhA,unknown
Mb1903c,lldD2,unknown
Mb1907,bfrA,unknown
Mb1910,glnA3,unknown
Mb1912c,cyp140,unknown
Mb1913c,lppE,unknown
Mb1916c,rpfC,unknown
Mb1918c,fbpB,unknown
Mb1934c,lppD,unknown
Mb1935c,lipJ,unknown
Mb1936,cinA,unknown
Mb1937c,nanT,unknown
Mb1940c,aao,unknown
Mb1943c,katG,unknown
Mb1944c,furA,unknown
Mb1946c,lppC,unknown
Mb1947c,fadB5,unknown
Mb1950,aceA,unknown
Mb1951c,PPE34,unknown
Mb1952c,PPE35b,unknown
Mb1953c,PPE35a,unknown
Mb1956c,lppF,unknown
Mb1958,lipD,unknown
Mb1960,fadD31,unknown
Mb2082c,rpsN2,unknown
Mb1961c,mpt63,unknown
Mb2083c,rpmG1,unknown
Mb1967,tpx,unknown
Mb1968c,fadE18,unknown
Mb1969c,fadE17,unknown
Mb1970c,echA13,unknown
Mb1994c,pare1,unknown
Mb1973,ephB,unknown
Mb1975,ribA1,unknown
Mb1977c,mazf5,unknown
Mb1981c,lppG,unknown
Mb1987,vapb14,unknown
Mb1988,vapc14,unknown
Mb2014c,mazf6,unknown
Mb1998c,mce3r,unknown
Mb1999,yrbE3A,unknown
Mb2002c,mpt64,unknown
Mb2003c,nrdF1,unknown
Mb2004c,vapc36,unknown
Mb2004A,vapB36,unknown
Mb2005,PE_PGRS35,unknown
Mb2006c,cfp21,unknown
Mb2014A,mazE6,unknown
Mb2010,erm(37),unknown
Mb2020,ctpF,unknown
Mb2081c,rpsR2,unknown
Mb2025,fabG3,unknown
Mb2029,otsB1,unknown
Mb2032,vapb15,unknown
Mb2033,vapc15,unknown
Mb2052c,dost,unknown
Mb2054c,pfkB,unknown
Mb2071c,lipT,unknown
Mb2084c,rpmB2,unknown
Mb2057c,hspX,unknown
Mb2058,acg,unknown
Mb2069c,pncA,unknown
Mb2074c,pks12,unknown
Mb2079c,fxsa,unknown
Mb2130c,vapb37,unknown
Mb2088c,cobN,unknown
Mb2089,maze7,unknown
Mb2089A,mazF7,unknown
Mb2090,cobG,unknown
Mb2091,cobH,unknown
Mb2092,cobI,unknown
Mb2094c,blaC,unknown
Mb2095,sigC,unknown
Mb2096c,cobK,unknown
Mb2097c,cobM,unknown
Mb2098c,cobLb,unknown
Mb2099c,cobLa,unknown
Mb2106,lppJ,unknown
Mb2131,PE22,unknown
Mb2115,pknJ,unknown
Mb2132,PPE36,unknown
Mb2116c,pepE,unknown
Mb2163,pyrD,unknown
Mb2119c,helY,unknown
Mb2256A,vapC16,unknown
Mb2120c,tatC,unknown
Mb2121c,tatA,unknown
Mb2122c,pafc,unknown
Mb2123c,pafb,unknown
Mb2872c,cysG,unknown
Mb2124c,pafa,unknown
Mb2125c,pe21,unknown
Mb2127,helZ,unknown
Mb2129c,vapc37,unknown
Mb2133c,prcA,unknown
Mb2134c,prcB,unknown
Mb2136c,dop,unknown
Mb2139c,mpa,unknown
Mb2140,lppK,unknown
Mb2145c,hisG,unknown
Mb2146c,hisE,unknown
Mb2147,PPE37,unknown
Mb2148c,metH,unknown
Mb2150c,PE_PGRS37,unknown
Mb2151,ansP1,unknown
Mb2164c,TB18.6,unknown
Mb2154c,mshc,unknown
Mb2155c,cysQ,unknown
Mb2162,lppL,unknown
leuU,leuU,unknown
Mb2166c,pare2,unknown
Mb2169c,wag31,unknown
Mb2173c,yfiH,unknown
Mb2174c,ftsZ,unknown
Mb2175c,ftsQ,unknown
Mb2176c,murC,unknown
Mb2177c,murG,unknown
Mb2178c,ftsW,unknown
Mb2179c,murD,unknown
Mb2180c,murX,unknown
Mb2181c,murF,unknown
Mb2182c,murE,unknown
Mb2186c,PE_PGRS38,unknown
Mb2187c,pbpB,unknown
Mb2216,ctaE,unknown
Mb2193,lppM,unknown
Mb2195,idsA2,unknown
Mb2196,mpta,unknown
Mb2198,pknL,unknown
Mb2200c,aroG,unknown
Mb2207c,TB16.3,unknown
Mb2209,fadd15,unknown
Mb2210,fadD15,unknown
Mb2218,qcrA,unknown
Mb2211c,pimb,unknown
Mb2217,qcrC,unknown
Mb2223c,ctaC,unknown
Mb2215c,trpD,unknown
Mb2219,qcrB,unknown
Mb2221c,mmpS3,unknown
Mb2224,asnB,unknown
Mb2225c,adok,unknown
Mb2230,cobT,unknown
Mb2231,cobS,unknown
Mb2233c,ilvE,unknown
Mb2234c,gcvT,unknown
Mb2236,pepB,unknown
Mb2237c,ephD,unknown
Mb2238,dlat,unknown
Mb2240,lipB,unknown
Mb2241,lipA,unknown
Mb2244,glnA1,unknown
Mb2245c,glnE,unknown
Mb2246c,glnA2,unknown
Mb2633,vapb41,unknown
Mb2260c,cobD,unknown
Mb2248c,caea,unknown
Mb2249,panB,unknown
rnpB,rnpB,unknown
Mb2256c,cobC,unknown
Mb2257,ptka,unknown
Mb2258,ptpA,unknown
Mb2305,lipM,unknown
Mb2265,aceE,unknown
Mb2267,fabD,unknown
Mb2268,acpM,unknown
Mb2269,kasA,unknown
Mb2270,kasB,unknown
Mb2271,accD6,unknown
Mb2273c,glpD1,unknown
Mb2299,cyp121,unknown
Mb2283,mscr,unknown
Mb2291c,cyp128,unknown
Mb2289,cyp124,unknown
Mb2302,pitB,unknown
Mb2309,yjcE,unknown
Mb2311,cdh,unknown
Mb2312,lppOa,unknown
Mb2313,lppOb,unknown
Mb2314,sseB,unknown
Mb2368,mmpL9b,unknown
Mb2321c,htpG,unknown
Mb2323,cut2,unknown
Mb2576,vapc18,unknown
Mb2357c,lppP,unknown
Mb2343,uspA,unknown
Mb2349c,rocD1,unknown
Mb2344,uspB,unknown
Mb2345,uspC,unknown
Mb2347c,rocE,unknown
Mb2348c,rocD2,unknown
Mb2355,PE23,unknown
Mb2356c,narK1,unknown
Mb2360,mez,unknown
Mb2361c,stp,unknown
Mb2377c,PPE40,unknown
Mb2362,cysK1,unknown
Mb2854c,vapb22,unknown
Mb2363,cysE,unknown
Mb2366c,moeW,unknown
Mb2367,mmpL9a,unknown
Mb2369c,PE_PGRS39,unknown
Mb2370,lppQ,unknown
Mb2383c,reco,unknown
Mb2372c,dnaG,unknown
Mb2373c,dgt,unknown
Mb2385c,era,unknown
Mb2375c,esxO,unknown
Mb2376c,PPE71,unknown
Mb2378c,glyS,unknown
Mb2379,smtb,unknown
Mb2380,zur,unknown
Mb2384,amiA2,unknown
Mb2401c,mbtE,unknown
Mb2522,vapc38,unknown
Mb2389c,phoH1,unknown
Mb2392,PE_PGRS40,unknown
Mb2394c,dnaJ2,unknown
Mb2395c,hrcA,unknown
Mb2397c,cfp2,unknown
Mb2398c,mbtH,unknown
Mb2399c,mbtG,unknown
Mb2400c,mbtF,unknown
Mb2402c,mbtD,unknown
Mb2403c,mbtC,unknown
Mb2404c,mbtB,unknown
Mb2405,mbtA,unknown
Mb2406,mbtJ,unknown
Mb2407c,mbtI,unknown
Mb2409c,hemN,unknown
Mb2410c,rpfD,unknown
Mb2412,sira,unknown
Mb2413,cysH,unknown
Mb2548,PE26,unknown
Mb2414,che1,unknown
Mb2415,ggtB,unknown
Mb2417A,aprA,unknown
Mb2417B,aprB,unknown
Mb2418,PE_PGRS41,unknown
Mb2419c,cysA1,unknown
Mb2420c,cysW,unknown
Mb2421c,cysT,unknown
Mb2422c,subI,unknown
Mb3900,eccca1,unknown
Mb2426c,lppR,unknown
Mb2427c,lepA,unknown
Mb2431,PE24,unknown
Mb2435,rpsT,unknown
Mb2457c,PE25,unknown
Mb2439c,eis,unknown
Mb2467c,obg,unknown
Mb2445,Mb2445,unknown
Mb2442c,gpgp,unknown
Mb2444c,nadD,unknown
Mb2451c,proA,unknown
Mb2468c,rpmA,unknown
Mb2454,ahpC,unknown
Mb2455,ahpD,unknown
Mb2456c,PPE41,unknown
Mb2469c,rplU,unknown
Mb2462,rbsK,unknown
Mb2484c,clpX,unknown
Mb2464c,nadE,unknown
Mb2466c,proB,unknown
glyV,glyV,unknown
Mb2470,dctA,unknown
Mb2749,Mb2749,unknown
Mb2488c,clpP1,unknown
Mb2471c,rne,unknown
Mb2511,echA14,unknown
Mb2472c,ndkA,unknown
valU,valU,unknown
Mb2846c,Mb2846c,unknown
Mb2474c,folC,unknown
Mb2475c,valS,unknown
Mb2477c,rpfE,unknown
Mb3135,Mb3135,unknown
Mb2480c,mobA,unknown
Mb2485,mmuM,unknown
Mb2487c,clpP2,unknown
Mb2494,pepN,unknown
Mb2489c,tig,unknown
Mb2490,lipP,unknown
Mb2492c,rpib,unknown
Mb2497,glbO,unknown
Mb2498,aglA,unknown
Mb2577,vapb19,unknown
Mb2503c,gdh,unknown
Mb2523c,bkdc,unknown
Mb2507c,plsB2,unknown
Mb2508c,plsC,unknown
Mb2510c,lipQ,unknown
argW,argW,unknown
Mb2512c,PE_PGRS42d,unknown
Mb2513c,PE_PGRS42b,unknown
Mb2514c,PE_PGRS42a,unknown
Mb2517c,PE_PGRS43b,unknown
Mb2518c,PE_PGRS43a,unknown
Mb2521,vapb38,unknown
Mb2524c,bkdb,unknown
Mb2516c,Mb2516c,unknown
Mb2556,vapc17,unknown
Mb2525c,bkda,unknown
Mb2526c,citE,unknown
Mb2557c,mrr,unknown
Mb2528c,fadE19,unknown
Mb2529c,accA1,unknown
Mb2530c,accD1,unknown
Mb2531c,scoB,unknown
Mb2532c,scoA,unknown
Mb2533c,fadD35,unknown
Mb3149c,Mb3149c,unknown
Mb2539,orn,unknown
hisT,hisT,unknown
Mb2547c,ldtb,unknown
lysU,lysU,unknown
Mb2550,bcp,unknown
Mb2578,vapc19,unknown
Mb2552c,acpS,unknown
Mb2553c,fas,unknown
Mb2582c,aroE,unknown
Mb2559c,vapc39,unknown
Mb2559Ac,vapb39,unknown
Mb2562c,nusB,unknown
Mb2563c,efp,unknown
Mb2564c,pepQ,unknown
Mb2574,lppB,unknown
Mb2566c,aroD,unknown
Mb2567c,aroB,unknown
Mb2568c,aroK,unknown
Mb2579c,vapc20,unknown
Mb2569c,aroF,unknown
Mb2572,lppA,unknown
Mb2573,lprR,unknown
Mb2575,vapb18,unknown
Mb2585c,alaS,unknown
Mb2602c,aspS,unknown
Mb2593,glnQ,unknown
Mb2610,dhaA,unknown
Mb2611c,hisS,unknown
Mb2613,ppiB,unknown
Mb2614c,relA,unknown
Mb2615c,apt,unknown
Mb2617c,secF,unknown
Mb2622,PE_PGRS44,unknown
Mb2618c,secD,unknown
Mb2619c,yajC,unknown
Mb2620,gabT,unknown
Mb2621,fadD9,unknown
Mb2623c,ruvB,unknown
Mb2624c,ruvA,unknown
Mb2625c,ruvC,unknown
Mb2626,vapb40,unknown
Mb2670,dedA,unknown
Mb2632,speE,unknown
Mb2634,vapc41,unknown
Mb2636c,snop,unknown
Mb2644c,pgsA1,unknown
Mb2637c,tesB2,unknown
Mb2674,cadI,unknown
Mb2638c,snzp,unknown
Mb2639,pdxH,unknown
Mb2640,PPE42,unknown
Mb2642c,pimA,unknown
Mb2646c,thrS,unknown
Mb2648c,PE_PGRS45,unknown
Mb2999A,Mb2999A,unknown
Mb2656,TB31.7,unknown
Mb2659c,hrp1,unknown
Mb2667c,PE_PGRS46,unknown
Mb2676,arsC,unknown
valT,valT,unknown
glyT,glyT,unknown
cysU,cysU,unknown
Mb2791c,PE27,unknown
Mb2686,clpX',unknown
Mb2692,aftc,unknown
Mb2693,msrb,unknown
Mb2756c,recA,unknown
Mb2696c,hemY,unknown
Mb2697c,hemE,unknown
Mb2698,echA15,unknown
Mb2703,arsA,unknown
Mb2704,arsB1,unknown
Mb2710,ceoB,unknown
Mb2807c,lppU,unknown
Mb2711,ceoC,unknown
Mb2716c,dut,unknown
Mb2720c,suhB,unknown
Mb2721,ppgK,unknown
Mb2732,sthA,unknown
Mb2722,sigA,unknown
Mb2729,sigB,unknown
Mb2730,ideR,unknown
Mb2737c,nrdr,unknown
Mb2739,lexA,unknown
Mb2768,arga,unknown
Mb2775c,thyx,unknown
Mb2746c,miaA,unknown
Mb2743c,fadE20,unknown
Mb2744c,hflX,unknown
Mb2745c,dapF,unknown
Mb2776c,hsdS',unknown
Mb2898,mpt83,unknown
Mb2755c,recX,unknown
Mb2760,ephg,unknown
Mb2761,PE_PGRS47,unknown
Mb2765c,35kd_ag,unknown
Mb2766c,clgr,unknown
Mb2767c,pgsA3,unknown
Mb2774c,dapA,unknown
Mb2769c,ftsK,unknown
Mb2777c,hsdM,unknown
Mb2778c,vapc21,unknown
Mb2779c,vapb21,unknown
Mb2780c,vapc42,unknown
Mb2781c,vapb42,unknown
Mb2782c,hsdS,unknown
Mb2785c,dfrA,unknown
Mb2786c,thyA,unknown
Mb2790c,PPE43,unknown
Mb2792c,PPE44,unknown
Mb2795c,dapB,unknown
Mb2802,alda,unknown
Mb2808c,rpsO,unknown
Mb2803,aldb,unknown
Mb2809c,ribF,unknown
Mb2805c,pepR,unknown
Mb2806c,gpsI,unknown
Mb2811,sirR,unknown
Mb3288c,whiB2,unknown
Mb2812c,fadE21,unknown
Mb2813c,ltp1,unknown
Mb2816c,truB,unknown
Mb2817c,pptt,unknown
Mb2819c,lppV,unknown
Mb2864c,infB,unknown
Mb2824c,mazf9,unknown
Mb2824A,mazE9,unknown
Mb2831,Mb2831,unknown
Mb2858c,ugpE,unknown
Mb2857c,ugpB,unknown
Mb2853c,vapc22,unknown
Mb2991c,pca,unknown
Mb2877c,mqo,unknown
Mb2855,echA16,unknown
Mb2856c,ugpC,unknown
Mb2859c,ugpAb,unknown
Mb2860c,ugpAa,unknown
Mb2861c,dinF,unknown
Mb2863c,rbfA,unknown
Mb2866c,nusA,unknown
Mb2885c,glnA4,unknown
Mb2870c,proS,unknown
Mb2871c,efpA,unknown
Mb2873c,cobB,unknown
Mb2874c,cobO,unknown
Mb2900,mpt70,unknown
Mb2896,vapb43,unknown
Mb2878,PE_PGRS48,unknown
Mb2880,mtr,unknown
Mb2881,nicT,unknown
Mb2883c,aldC,unknown
Mb2893c,gcpE,unknown
Mb2894c,rip,unknown
Mb2886c,mapB,unknown
Mb2887A,vapB23,unknown
Mb2888,vapc23,unknown
Mb2890,relf,unknown
Mb2895c,dxr,unknown
Mb2897,vapc43,unknown
Mb2899,dipZ,unknown
Mb2957,ppsB,unknown
Mb2903c,mpt53,unknown
Mb2905c,cdsA,unknown
Mb2906c,frr,unknown
Mb2907c,pyrH,unknown
Mb2912c,amiC,unknown
Mb2913c,tsf,unknown
Mb2914c,rpsB,unknown
Mb2916c,PPE45,unknown
Mb2918c,xerC,unknown
Mb2919c,viuB,unknown
Mb2943c,glnB,unknown
Mb2923c,fdhD,unknown
Mb2924c,fdhF,unknown
Mb2926c,rnhB,unknown
Mb2929,lppW,unknown
Mb2927c,lepB,unknown
Mb2930c,trmD,unknown
Mb2928c,rplS,unknown
Mb2931c,rimM,unknown
Mb2933c,rpsP,unknown
Mb2935,dacB2,unknown
Mb2959,ppsD,unknown
Mb2938c,pknI,unknown
Mb2950c,rnc,unknown
Mb2940c,ffh,unknown
Mb2942c,glnD,unknown
Mb2944c,amt,unknown
Mb2945c,ftsY,unknown
Mb3349c,vapc44,unknown
Mb2946c,smc,unknown
Mb2947c,acyP,unknown
Mb2949c,fpg,unknown
Mb2953,tesA,unknown
Mb2955,fadD26,unknown
Mb2956,ppsA,unknown
Mb2958,ppsC,unknown
Mb2960,ppsE,unknown
Mb2961,drrA,unknown
Mb2962,drrB,unknown
Mb2963,drrC,unknown
Mb2964,papA5,unknown
Mb2965c,mas,unknown
Mb2972c,fadD22,unknown
Mb2966,fadD28,unknown
Mb2967,mmpL7,unknown
Mb2970c,lppX,unknown
Mb2971c,pks1,unknown
Mb2974c,fadD29,unknown
Mb2988,purU,unknown
Mb2989c,kdtB,unknown
Mb3005c,ddlA,unknown
Mb2994c,lipN,unknown
Mb3000c,ung,unknown
Mb2998c,recG,unknown
Mb3031,lppZ,unknown
Mb3048c,PE29,unknown
Mb3001c,thiL,unknown
Mb3006c,gpdA2,unknown
Mb3008,ppk,unknown
Mb3012c,leuC,unknown
Mb3024,lppY,unknown
Mb3009,mutT1,unknown
Mb3010c,hupB,unknown
Mb3011c,leuD,unknown
Mb3062c,TB22.2,unknown
gluU,gluU,unknown
glnU,glnU,unknown
Mb3016c,gltS,unknown
Mb3019c,leuB,unknown
Mb3020c,serA1,unknown
Mb3026c,ilvC,unknown
Mb3027c,ilvN,unknown
Mb3028c,ilvB1,unknown
Mb3029,cfp6,unknown
Mb3034c,gatB,unknown
Mb3035c,pfkA,unknown
Mb3036c,gatA,unknown
Mb3037c,gatC,unknown
Mb3039c,ligA,unknown
Mb3375c,PPE54,unknown
Mb3042c,esxQ,unknown
ssr,ssr,unknown
Mb3043c,PPE46,unknown
Mb3045c,esxR,unknown
Mb3046c,esxS,unknown
Mb3047c,PPE47,unknown
Mb3050c,trmU,unknown
Mb3051c,iscS,unknown
Mb3068c,serB2,unknown
Mb3054c,fixB,unknown
Mb3055c,fixA,unknown
Mb3065c,echA17,unknown
Mb3082,dinP,unknown
Mb3069c,ctaD,unknown
Mb3070,fecB,unknown
Mb3139,moaD1,unknown
Mb3071,adhC,unknown
Mb3074c,nrdF2,unknown
Mb3077c,nrdE,unknown
Mb3078c,nrdI,unknown
Mb3079c,nrdH,unknown
Mb3085,cyp136,unknown
Mb3089,ligB,unknown
Mb3087c,fadE22b,unknown
Mb3088c,fadE22a,unknown
Mb3127c,smpB,unknown
Mb3090,cstA,unknown
Mb3092,mmr,unknown
Mb3095c,pgmA,unknown
Mb3105,hab,unknown
Mb3107c,pknK,unknown
Mb3109c,virS,unknown
Mb3111,lipR,unknown
Mb3113,adhD,unknown
Mb3115,tgs4,unknown
Mb3116,fadD13,unknown
Mb3129c,ftsE,unknown
Mb3124c,lipy,unknown
Mb3128c,ftsX,unknown
Mb3132c,prfB,unknown
Mb3154c,tgs1,unknown
Mb3138,moaC1,unknown
Mb3133,fprA,unknown
Mb3134c,agpS,unknown
Mb3136,moaA1,unknown
Mb3137,moaB1,unknown
Mb3143,moeB2,unknown
Mb3160,PPE51,unknown
Mb3144,cyp141,unknown
Mb3147,moar1,unknown
Mb3148c,PPE49,unknown
Mb3156c,devS,unknown
Mb3168c,PPE52,unknown
Mb3157c,devR,unknown
Mb3170,nuoB,unknown
Mb3179,nuoK,unknown
Mb3159,PPE50,unknown
Mb3162,pflA,unknown
Mb3163,fadE24,unknown
Mb3164,fadE23,unknown
Mb3165,fadB4,unknown
Mb3676,PE_PGRS60,unknown
Mb3169,nuoA,unknown
Mb3171,nuoC,unknown
Mb3172,nuoD,unknown
Mb3173,nuoE,unknown
Mb3174,nuoF,unknown
Mb3175,nuoG,unknown
Mb3176,nuoH,unknown
Mb3197c,Mb3197c,unknown
Mb3177,nuoI,unknown
Mb3178,nuoJ,unknown
Mb3180,nuoL,unknown
Mb3181,nuoM,unknown
Mb3182,nuoN,unknown
Mb3183c,PPE53,unknown
Mb3184c,PPE70,unknown
Mb3189c,moxR3,unknown
Mb3195,aofH,unknown
metU,metU,unknown
Mb3196c,hpx,unknown
Mb3313,accA3,unknown
Mb3201c,mesTb,unknown
Mb3202c,mesTa,unknown
Mb3219c,Mb3219c,unknown
Mb3319c,lrpa,unknown
Mb3221c,whiB7,unknown
Mb3222c,uvrD2,unknown
Mb3224c,nudC,unknown
Mb3228,lipV,unknown
Mb3237,rhlE,unknown
Mb3231c,moeB1,unknown
Mb3234c,TB9.4,unknown
Mb3240,gpm2,unknown
Mb3275c,tmk,unknown
Mb3241,entC,unknown
Mb3245,whiB1,unknown
Mb3247c,TB7.3,unknown
Mb3248c,rsha,unknown
Mb3250c,sigH,unknown
Mb3261c,ppk2,unknown
Mb3256,aroA,unknown
Mb3258c,desa3,unknown
Mb3262c,tgs3,unknown
Mb3268c,secA1,unknown
Mb3272c,lpqB,unknown
Mb3273c,mtrB,unknown
Mb3274c,mtrA,unknown
Mb3276c,sahH,unknown
Mb3293c,wbbL1,unknown
Mb3278c,rubB,unknown
Mb3279c,rubA,unknown
Mb3280c,alkB,unknown
Mb3283c,manA,unknown
Mb3285c,pmma,unknown
Mb3289,fbiA,unknown
Mb3290,fbiB,unknown
Mb3292c,manC,unknown
Mb3294c,rmlD,unknown
Mb3325,nei,unknown
Mb3298,ctpC,unknown
Mb3324,lhr,unknown
Mb3302c,fadE25,unknown
Mb3303c,purE,unknown
Mb3304c,purK,unknown
Mb3307c,birA,unknown
Mb3311,sseA,unknown
Mb3315c,rsbW,unknown
Mb3318c,lat,unknown
Mb3308,accD5,unknown
Mb3309,acce5,unknown
Mb3314c,sigF,unknown
Mb3321,pcd,unknown
Mb3566c,hsae,unknown
Mb3326c,lpqC,unknown
Mb3327c,atsB,unknown
Mb3329c,phoY1,unknown
Mb3330c,glpD2,unknown
Mb3342c,add,unknown
Mb3331c,lpdA,unknown
Mb3333c,amiA1,unknown
Mb3334c,amiB1,unknown
Mb3335,deoD,unknown
Mb3336,pmmB,unknown
Mb3337c,upp,unknown
Mb3338,sapm,unknown
Mb3353c,moaC3,unknown
Mb3343c,deoA,unknown
Mb3344c,cdd,unknown
Mb3350c,vapb44,unknown
Mb3345,sdhC,unknown
Mb3346,sdhD,unknown
Mb3354c,moaB3,unknown
Mb3347,sdhA,unknown
Mb3348,sdhB,unknown
Mb3358,embR2,unknown
Mb3352c,moaX,unknown
Mb3355c,moaA3,unknown
Mb3383c,PPE56d,unknown
Mb3361c,sigJ,unknown
Mb3364,sugI,unknown
Mb3384c,PPE56b,unknown
Mb3365,nagA,unknown
Mb3393,relk,unknown
Mb3369c,trpS,unknown
Mb3371c,icd1,unknown
Mb3372,metC,unknown
Mb3373,metA,unknown
Mb3380c,PPE55a,unknown
Mb3376c,PE_PGRS50b,unknown
Mb3377c,PE_PGRS50a,unknown
Mb3379c,PPE55b,unknown
Mb3385c,PPE56a,unknown
Mb3391c,folD,unknown
Mb3392,relj,unknown
Mb3401,spoU,unknown
Mb3442,vapc47,unknown
Mb3402,PE_PGRS51,unknown
Mb3498c,mhpE,unknown
Mb3405c,dnaE2,unknown
Mb3407,otsB2,unknown
Mb3409,amiD,unknown
Mb3413c,dxs2,unknown
Mb3414c,lytB1,unknown
Mb3415c,idsB,unknown
Mb3416c,vapc46,unknown
Mb3417c,vapb46,unknown
Mb3420,PE_PGRS52,unknown
Mb3425,iunH,unknown
Mb3421c,htdy,unknown
Mb3422,lpqD,unknown
Mb3423,acrA1,unknown
Mb3424c,cmaA1,unknown
Mb3457c,alr,unknown
Mb3429c,guaA,unknown
Mb3430c,phyA,unknown
Mb3450,whiB3,unknown
Mb3431c,idsA1,unknown
Mb3504,PE31,unknown
Mb3441,vapb47,unknown
Mb3443c,choD,unknown
Mb3444c,guaB3,unknown
Mb3445c,guaB2,unknown
Mb3448c,sigD,unknown
Mb3451c,groEL1,unknown
Mb3452c,groES,unknown
Mb3453c,gcp,unknown
Mb3454c,rimI,unknown
Mb3459,PPE57,unknown
Mb3462c,gadB,unknown
Mb3478,eccd4,unknown
Mb3466c,glmS,unknown
Mb3471c,mrsA,unknown
Mb3482,cut4,unknown
Mb3472c,rpsI,unknown
Mb3473c,rplM,unknown
Mb3474c,esxT,unknown
Mb3475c,esxU,unknown
Mb3477c,eccc4,unknown
Mb3628c,lsr2,unknown
Mb3480c,eccb4,unknown
Mb3485c,rplQ,unknown
Mb3481,cut3,unknown
Mb3497c,rmlB2,unknown
Mb3484c,truA,unknown
Mb3486c,rpoA,unknown
Mb3487c,rpsD,unknown
Mb3488c,rpsK,unknown
Mb3489c,rpsM,unknown
Mb3541,PE_PGRS55,unknown
Mb3490c,rpmJ,unknown
Mb3491c,infA,unknown
Mb3493,rmlB1,unknown
Mb3494,rmlC,unknown
Mb3499c,ilvB2,unknown
Mb3502c,bpoA,unknown
Mb3503c,kgtP,unknown
Mb3505,PPE60,unknown
Mb3526c,mce4D,unknown
Mb3514,cpsA,unknown
Mb3569,PPE63,unknown
Mb3517c,lipF,unknown
Mb3520,otsA,unknown
Mb3524c,mce4F,unknown
Mb3531c,yrbE4A,unknown
Mb3525c,lprN,unknown
Mb3533c,fdxD,unknown
Mb3527c,mce4C,unknown
Mb3528c,mce4B,unknown
Mb3529c,mce4A,unknown
Mb3530c,yrbE4B,unknown
Mb3534,fadE26,unknown
Mb3535,fadE27,unknown
Mb3536,fadD17,unknown
Mb3537,PE_PGRS53,unknown
Mb3538,PE_PGRS54,unknown
Mb3539c,ilvX,unknown
Mb3547c,cyp142b,unknown
Mb3542c,fadD18,unknown
Mb3543,PE_PGRS57,unknown
Mb3544c,fadD19,unknown
Mb3545,echA19,unknown
Mb3677,PE_PGRS61,unknown
Mb3548c,cyp142a,unknown
Mb3552,ltp4,unknown
Mb3553,ltp3,unknown
Mb3924c,eccc2,unknown
Mb3564c,hsaf,unknown
Mb3556,ksha,unknown
Mb3567,kstd,unknown
Mb3562,PPE61,unknown
Mb3563c,PPE62,unknown
Mb3565c,hsag,unknown
Mb3600c,hsad,unknown
Mb3570c,ltp2,unknown
Mb3573c,fadE29,unknown
Mb3574c,fadE28,unknown
Mb3575c,cyp125,unknown
Mb3576,fadA5,unknown
Mb3640c,ftsH,unknown
Mb3619c,canb,unknown
Mb3577,ddn,unknown
Mb3615,lpqE,unknown
Mb3580,echA20,unknown
Mb3586c,fadA6,unknown
Mb3588,PPE64,unknown
Mb3590c,fadE30,unknown
Mb3591,fadD3,unknown
Mb3592,fadE31,unknown
Mb3593,fadE32,unknown
Mb3594,fadE33,unknown
Mb3595,aspB,unknown
Mb3596c,nat,unknown
Mb3598c,hsab,unknown
Mb3609,arsB2,unknown
Mb3599c,hsac,unknown
Mb3601c,hsaa,unknown
Mb3602,kshb,unknown
Mb3604c,fadE34,unknown
Mb3605,kstr,unknown
Mb3607,lppH,unknown
Mb3611c,cysS1,unknown
Mb3612c,ispF,unknown
Mb3613c,ispD,unknown
Mb3620,mutY,unknown
Mb3616,radA,unknown
Mb3621c,PE_PGRS58,unknown
Mb3623,mhud,unknown
Mb3624,lpqF,unknown
Mb3626c,PE_PGRS59,unknown
Mb3632c,panC,unknown
Mb3627c,clpC,unknown
Mb3629c,lysS,unknown
Mb3631c,panD,unknown
Mb3636c,folK,unknown
Mb3637c,folB,unknown
Mb3646c,espa,unknown
Mb3638c,folP1,unknown
Mb3639c,folE,unknown
Mb3644c,espd,unknown
Mb3645c,espc,unknown
Mb3647,lpqG,unknown
Mb3648c,hpt,unknown
Mb3649c,mesJ,unknown
Mb3652,ppa,unknown
Mb3658c,galE1,unknown
Mb3688c,dppC,unknown
Mb3665c,fic,unknown
Mb3670c,topA,unknown
Mb3672c,cspA,unknown
Mb3687c,dppD,unknown
Mb3674,PE33,unknown
Mb3689c,dppB,unknown
Mb3690c,dppA,unknown
Mb3691,acs,unknown
Mb3694,ephE,unknown
Mb3723A,vapB48,unknown
Mb3698c,nth,unknown
Mb3770,nmtr,unknown
Mb3700,crp,unknown
Mb3710c,cyp137,unknown
Mb3721c,glpKb,unknown
Mb3742c,recR,unknown
Mb3712c,rsfb,unknown
Mb3706c,whiB4,unknown
Mb3707,ponA2,unknown
Mb3717,moxR2,unknown
Mb3738c,dnaQ,unknown
Mb3722c,glpKa,unknown
Mb3723c,vapc48,unknown
Mb3730c,gshA,unknown
Mb3824,embB,unknown
Mb3735c,asd,unknown
Mb3736c,ask,unknown
Mb3737,leuA,unknown
Mb3889c,gltB,unknown
Mb3740,cobQ2,unknown
Mb3819,dpre1,unknown
Mb3833c,fbpD,unknown
Mb3748c,dnaZX,unknown
Mb3772c,PE34,unknown
serV,serV,unknown
Mb3751,cut5,unknown
Mb3765c,PPE66,unknown
Mb3758,ligC,unknown
Mb3780,tyrA,unknown
Mb3761c,tgs2,unknown
serX,serX,unknown
Mb3853c,mmpL8,unknown
Mb3769c,ctpJ,unknown
Mb3789,lpqH,unknown
Mb3782c,proZ,unknown
Mb3783c,proW,unknown
Mb3784c,proV,unknown
Mb3785c,proX,unknown
Mb3794,Mb3794,unknown
Mb3787c,fadE36,unknown
Mb3790c,tcry,unknown
Mb3791c,tcrx,unknown
Mb3800,hisC2,unknown
Mb3803,echA21,unknown
Mb3804,lipE,unknown
Mb3842,PE_PGRS62,unknown
Mb3810,rfbE,unknown
Mb3811,glft1,unknown
Mb3812,rfbD,unknown
Mb3813,rfbB,unknown
Mb3820,dpre2,unknown
Mb3826,fadE35,unknown
Mb3821,afta,unknown
Mb3822,embC,unknown
Mb3823,embA,unknown
Mb3840,pirG,unknown
Mb3829c,accD4,unknown
Mb3830c,pks13,unknown
Mb3836c,ubia,unknown
Mb3831c,fadD32,unknown
Mb3834c,fbpA,unknown
Mb3835c,aftb,unknown
Mb3838c,glft2,unknown
Mb3839c,glf,unknown
Mb3850c,papA2,unknown
Mb3854c,papA1,unknown
Mb3855c,pks2,unknown
Mb3856,fadD23,unknown
Mb3864c,serS,unknown
Mb3868c,pheA,unknown
Mb3871,bfrB,unknown
Mb3872c,glpQ1,unknown
Mb3897,esph,unknown
Mb3876,sodA,unknown
Mb3903,PPE68,unknown
Mb3879,espr,unknown
Mb3882,hns,unknown
Mb3883,rraa,unknown
Mb3923c,eccc2,unknown
Mb3884c,ethA,unknown
Mb3885,ethR,unknown
Mb3888c,gltD,unknown
Mb3934c,esxE,unknown
Mb3892c,whiB6,unknown
Mb3894,espe,unknown
Mb3895,espf,unknown
Mb3896,espg1,unknown
Mb3898,ecca1,unknown
Mb3899,eccb1,unknown
Mb3901,ecccb1,unknown
Mb3902,PE35,unknown
Mb3910c,espl,unknown
Mb3904,esxB,unknown
Mb3911c,espb,unknown
Mb3905,esxA,unknown
Mb3906,espi,unknown
Mb3914c,ecca2,unknown
Mb3907,eccd1,unknown
Mb3908,espj,unknown
Mb3909c,espk,unknown
Mb3912c,ecce1,unknown
Mb3913c,mycp1,unknown
Mb3915c,ecce2,unknown
Mb3916c,mycp2,unknown
Mb3917c,eccd2,unknown
Mb3918c,espg2,unknown
Mb3919c,esxC,unknown
Mb3920c,esxD,unknown
Mb3921c,PPE69,unknown
Mb3922c,PE36,unknown
Mb3925c,eccb2,unknown
Mb3935c,esxF,unknown
Mb3937c,pcnA,unknown
Mb3938,mutt4,unknown
Mb3941,sigMa,unknown
Mb3942,sigMb,unknown
Mb3944,trxB2,unknown
Mb3945,trxC,unknown
Mb3948c,parB,unknown
Mb3949c,parA,unknown
Mb3950c,gid,unknown
Mb1150c,Mb1150c,unknown
leuX,leuX,unknown
leuV,leuV,unknown
metV,metV,unknown
asnT,asnT,unknown
proU,proU,unknown
Mb2555,vapb17,unknown
Mb2453c,Mb2453c,unknown
Mb1710A,Mb1710A,unknown
Mb1026,Mb1026,unknown
argV,argV,unknown
leuT,leuT,unknown
Mb0139-3,ephf,unknown
Mb3408,echA18,unknown
thrU,thrU,unknown
Mb1063c,Mb1063c,unknown
Mb0770,vapc31,unknown
valV,valV,unknown
Mb3271c,Mb3271c,unknown
alaT,alaT,unknown
Mb1053,Mb1053,unknown
Mb2844c,Mb2844c,unknown
Mb0008c,Mb0008c,unknown
Mb1795c,Mb1795c,unknown
Mb1882,ureF,unknown
Mb0337c,Mb0337c,unknown
Mb1204,Mb1204,unknown
Mb3263,Mb3263,unknown
Mb3891,Mb3891,unknown
Mb0032,Mb0032,unknown
Mb3643c,Mb3643c,unknown
Mb3849,Mb3849,unknown
Mb0029,Mb0029,unknown
Mb1769,vapb34,unknown
Mb3479,mycp4,unknown
Mb3584,fdxB,unknown
Mb2293,lppN,unknown
Mb0093,Mb0093,unknown
Mb1425,rpoZ,unknown
Mb3316c,usfY,unknown
Mb0308,vapb2,unknown
Mb0309,vapc2,unknown
Mb2015c,ctpG,unknown
Mb2256B,vapB16,unknown
Mb0813c,Mb0813c,unknown
Mb0769,vapb31,unknown
Mb0357,Mb0357,unknown
Mb0128,Mb0128,unknown
Mb0633A,vapB29,unknown
Mb0634,vapc29,unknown
Mb2690,ribD,unknown
Mb1205c,PE12,unknown
Mb0642,vapb5,unknown
Mb0643,vapc5,unknown
Mb1883,ureG,unknown
Mb0246,vapc24,unknown
trpT,trpT,unknown
Mb0465c,mazf1,unknown
Mb0466A,mazE1,unknown
Mb2135c,pup,unknown
Mb1274,vapc33,unknown
Mb1289,udgb,unknown
Mb3363,dacB1,unknown
Mb0342c,PE6,unknown
Mb2580c,vapb20,unknown
Mb2166A,parD2,unknown
Mb0312c,PPE5,unknown
Mb1423,mihF,unknown
Mb1432c,vapc10,unknown
Mb1433c,vapb10,unknown
Mb1839,PPE33b,unknown
Mb0022c,whiB5,unknown
Mb2627,vapc40,unknown
Mb2077c,ppm1,unknown
Mb1770,vapc34,unknown
Mb1816,PE18,unknown
Mb0063,celA1,unknown
Mb0169,TB18.5,unknown
Mb0003,recF,unknown
Mb0117,gmhA,unknown
Mb0283c,vapc25,unknown
serT,serT,unknown